<?xml version="1.0" encoding="UTF-8" standalone="yes"?>
<addon id="script.module.backports.functools_lru_cache"
       name="backports.functools_lru_cache"
       version="1.6.4"
       provider-name="Jason R. Coombs">
  <requires>
    <!-- <import addon="xbmc.python" version="3.0.0" /> -->
  </requires>
  <extension point="xbmc.python.module"
             library="lib" />
  <extension point="xbmc.addon.metadata">
    <summary lang="en">Backport of functools.lru_cache from Python 3.3</summary>
    <description lang="en">Packed for Kodi from https://github.com/jaraco/backports.functools_lru_cache</description>
    <platform>all</platform>
    <license>MIT</license>
    <website>https://github.com/jaraco/backports.functools_lru_cache</website>
    <source>https://github.com/Razzeee/script.module.backports.functools_lru_cache</source>
  </extension>
</addon>
