<?xml version='1.0' encoding='UTF-8'?>
<shortcuts>
	<shortcut>
		<label>31438</label>
		<label2>32018</label2>
		<icon>DefaultRecentlyAddedMusicVideos.png</icon>
		<action>ActivateWindow(Videos,videodb://recentlyaddedmusicvideos/,Return)</action>
	</shortcut>
	<shortcut>
		<label>135</label>
		<label2>32018</label2>
		<icon>DefaultMusicGenres.png</icon>
		<action>ActivateWindow(Videos,videodb://musicvideos/genres/,return)</action>
	</shortcut>
	<shortcut>
		<label>652</label>
		<label2>32018</label2>
		<icon>DefaultMusicYears.png</icon>
		<action>ActivateWindow(Videos,videodb://musicvideos/years/,return)</action>
	</shortcut>
	<shortcut>
		<label>133</label>
		<label2>32018</label2>
		<icon>DefaultMusicArtists.png</icon>
		<action>ActivateWindow(Videos,videodb://musicvideos/artists/,return)</action>
	</shortcut>
	<shortcut>
		<label>132</label>
		<label2>32018</label2>
		<icon>DefaultMusicAlbums.png</icon>
		<action>ActivateWindow(Videos,videodb://musicvideos/albums/,return)</action>
	</shortcut>
	<shortcut>
		<label>134</label>
		<label2>32018</label2>
		<icon>DefaultMusicSongs.png</icon>
		<action>ActivateWindow(Videos,videodb://musicvideos/titles/,Return)</action>
	</shortcut>
	<shortcut>
		<label>31289</label>
		<label2>32018</label2>
		<icon>DefaultFolder.png</icon>
		<action>ActivateWindow(Videos,videodb://musicvideos/files/,return)</action>
	</shortcut>
	<shortcut>
		<label>31465</label>
		<label2>32034</label2>
		<icon>DefaultShortcut.png</icon>
		<action>CleanLibrary(video)</action>
	</shortcut>
	<shortcut>
		<label>653</label>
		<label2>32034</label2>
		<icon>DefaultShortcut.png</icon>
		<action>UpdateLibrary(video)</action>
	</shortcut>
	<shortcut>
		<action>RunScript(script.skin.helper.service,action=musicsearch)</action>
		<label>19140</label>
		<label2>32034</label2>
		<icon />
	</shortcut>
	<shortcut>
		<action>ActivateWindow(Music,Files,return)</action>
		<label>744</label>
		<label2>32034</label2>
		<icon />
	</shortcut>
	<shortcut>
		<action>ActivateWindow(Music,Root)</action>
		<label>15100</label>
		<label2>32034</label2>
		<icon />
	</shortcut>
	<shortcut>
		<action>ActivateWindow(Music,Addons,return)</action>
		<label>1038</label>
		<label2>32034</label2>
		<icon />
	</shortcut>
</shortcuts>
