<?xml version="1.0" encoding="UTF-8"?>
<overrides>
	<!-- Widgets -->


	<!-- Videos -->

	<!-- PVR -->
	<widget type="static" label="31611">PVRStatusWidget</widget>

	<!-- Music -->

	<!-- Pictures -->

	<!-- Programs -->

	<!-- Favourites -->

	<!-- Weather -->
	<widget type="weather" label="10508">WeatherForecastWidget</widget>

	<!-- Playlists -->
	<widgetPlaylists>True</widgetPlaylists>


	<!-- Settings -->
	<warn heading="750" message="31732">ActivateWindow(Settings)</warn>
	<forcesettings>false</forcesettings>

	<!-- Default widgets -->
	<widgetdefaultnode defaultID="movies" group="mainmenu" type="movies" target="video" label="20386" path="library://video/movies/recentlyaddedmovies.xml/">RecentMovies</widgetdefaultnode>
	<widgetdefaultnode defaultID="tvshows" group="mainmenu" type="tvshows" target="video" label="20387" path="library://video/tvshows/recentlyaddedepisodes.xml/">RecentEpisodes</widgetdefaultnode>
	<widgetdefaultnode defaultID="music" group="mainmenu" type="music" target="music" label="359" path="musicdb://recentlyaddedalbums/">RecentAlbums</widgetdefaultnode>
	<widgetdefaultnode defaultID="musicvideos" group="mainmenu" type="musicvideos" target="video" label="20390" path="library://video/musicvideos/recentlyaddedmusicvideos.xml/">RecentMusicVideos</widgetdefaultnode>
	<widgetdefault defaultID="livetv" group="mainmenu">PVRStatusWidget</widgetdefault>
	<widgetdefault defaultID="weather" group="mainmenu">WeatherForecastWidget</widgetdefault>

	<!-- Backgrounds (actual images specified in HomeBackground variables -->
	<background label="32032">home\dvd\</background>
	<backgrounddefault defaultID="dvd">home\dvd\</backgrounddefault>
	<background label="342">home\movies\</background>
	<backgrounddefault defaultID="movies">home\movies\</backgrounddefault>
	<background label="20343">home\tvshows\</background>
	<backgrounddefault defaultID="tvshows">home\tvshows\</backgrounddefault>
	<background label="10006">home\videos\</background>
	<backgrounddefault defaultID="videos">home\videos\</backgrounddefault>
	<background label="15016">home\games\</background>
	<backgrounddefault defaultID="games">home\games\</backgrounddefault>
	<background label="31334">home\trailers\</background>
	<backgrounddefault defaultID="trailers">home\trailers\</backgrounddefault>
	<background label="32022">home\livetv\</background>
	<backgrounddefault defaultID="livetv">home\livetv\</backgrounddefault>
	<background label="10005">home\music\</background>
	<backgrounddefault defaultID="music">home\music\</backgrounddefault>
	<background label="20389">home\musicvideos\</background>
	<backgrounddefault defaultID="musicvideos">home\musicvideos\</backgrounddefault>
	<background label="32087">home\radio\</background>
	<backgrounddefault defaultID="radio">home\radio\</backgrounddefault>
	<background label="10002">home\pictures\</background>
	<backgrounddefault defaultID="pictures">home\pictures\</backgrounddefault>
	<background label="10001">home\programs\</background>
	<backgrounddefault defaultID="programs">home\programs\</backgrounddefault>
	<background label="12600">home\weather\</background>
	<backgrounddefault defaultID="weather">home\weather\</backgrounddefault>
	<background label="1036">home\favourites\</background>
	<backgrounddefault defaultID="favourites">home\favourites\</backgrounddefault>
	<background label="137">home\search\</background>
	<backgrounddefault defaultID="search">home\search\</backgrounddefault>
	<background label="10004">home\settings\</background>
	<backgrounddefault defaultID="settings">home\settings\</backgrounddefault>
	<background label="13005">home\shutdown\</background>
	<backgrounddefault defaultID="shutdown">home\shutdown\</backgrounddefault>
	<background label="addons">home\radio\</background>
	<backgrounddefault defaultID="addons">home\radio\</backgrounddefault>
	<backgroundBrowse>True</backgroundBrowse>

	<backgrounddefault defaultID="arabic0">home\arabic\</backgrounddefault>
	<backgrounddefault defaultID="arabic1">home\arabic\</backgrounddefault>
	<backgrounddefault defaultID="arabic2">home\arabic\</backgrounddefault>


	<!-- Thumbnails (Home2 icons, also specified in shortcuts/mainmenu.DATA.xml) -->
	<thumbnail label="32032">home_icons/playdisc.png</thumbnail>
	<thumbnail label="342">home_icons/movies.png</thumbnail>
	<thumbnail label="20343">home_icons/tvshows.png</thumbnail>
	<thumbnail label="10006">home_icons/videos.png</thumbnail>
	<thumbnail label="15016">home_icons/games.png</thumbnail>
	<thumbnail label="31334">home_icons/trailers.png</thumbnail>
	<thumbnail label="32022">home_icons/livetv.png</thumbnail>
	<thumbnail label="10005">home_icons/music.png</thumbnail>
	<thumbnail label="20389">home_icons/musicvideos.png</thumbnail>
	<thumbnail label="32087">home_icons/radio.png</thumbnail>
	<thumbnail label="10002">home_icons/pictures.png</thumbnail>
	<thumbnail label="10001">home_icons/programs.png</thumbnail>
	<thumbnail label="12600">home_icons/weather.png</thumbnail>
	<thumbnail label="1036">home_icons/favourites.png</thumbnail>
	<thumbnail label="137">home_icons/search.png</thumbnail>
	<thumbnail label="10004">home_icons/settings.png</thumbnail>
	<thumbnail label="13005">home_icons/shutdown.png</thumbnail>
	<thumbnail label="arabic">home_icons/arabic.png</thumbnail>
	<thumbnail label="addons">home_icons/radio.png</thumbnail>
</overrides>
