<?xml version="1.0" encoding="UTF-8" standalone="yes"?>
<addon id="script.module.arabicvideos" name="EMAD Arabic Videos Packages" version="2023.12.12a" provider-name="Emad Software">
  <extension point="xbmc.python.module" library="packages">
  </extension>
  <extension point="xbmc.addon.metadata">
	<summary lang="en">Install python packages from EMAD</summary>
	<description lang="en">Download and install add-ons from EMAD</description>
	<platform>all</platform>
    <assets>
      <icon>icon.png</icon>
    </assets>
  </extension>
</addon>
