<colors>

	<color name="Clear">00FFFFFF</color> <!-- dont change -->
	<color name="Black">FF000000</color>
	<color name="White">FFFFFFFF</color>
	<color name="Red">FFFF0000</color>
	<color name="Blue">FF0000FF</color>
	<color name="Grey">50000000</color>

	<!-- Metropolis Grey Colors -->
	<!-- Global Colors -->
	<color name="BackgroundColor">ee909090</color>
	<color name="FanartDiffuse">19FFFFFF</color>
	<color name="FrameBackgroundDiffuse">dd000000</color>
	<color name="Time">ddc0c0c0</color>
	<color name="TimeAMPM">cce47406</color>
	<color name="Date">dde47406</color>
	<color name="Temp">aaa8e612</color>
	<color name="GlobalHeading">ddc0c0c0</color>
	<color name="GlobalHeadingDetails">FFFFFFFF</color>
	<color name="HelpText">FFc89008</color>
	<color name="HelpArrowDiffuse">FFa8e612</color>
	<color name="TextNF">eeFFFFFF</color>
	<color name="TextFO">ffa8e612</color>
	<color name="TextDisabled">FFff5858</color>
	<color name="LowerText">eeFFFFFF</color>
	<color name="ButtonText">eeFFFFFF</color>
	<color name="ButtonDiffuse">89FFFFFF</color>

	<!-- Home Screen -->
	<color name="HomeMenuText">ddc0c0c0</color>
	<color name="HomeMenuTextFocused">dde47406</color>
	<color name="SubmenuText">ddc0c0c0</color>
	<color name="SubmenuTextFocused">dde47406</color>
	<color name="RSSText">FFd0a664</color>
	<color name="RSSHeadline">FFFFFFFF</color>
	<color name="RSSTitle">ffa8e612</color>
	<color name="RecentlyAddedNF">ddc0c0c0</color>
	<color name="RecentlyAddedFO">dde47406</color>
	<color name="HomeStatsCategory">eee47406</color>
	<color name="HomeStatsNumber">eec0c0c0</color>
	<color name="KodiLogoDiffuse">eeFFFFFF</color>
	<color name="Home2SkinName">cce47406</color>

	<!-- Media Flags -->
	<color name="MediaFlagDiffuse">ddFFFFFF</color>
	<color name="MediaFlagBoxDiffuse">dd808080</color>
	<color name="RatingStarDiffuse">bbe47406</color>
	<color name="IMDbDiffuse">eed0b331</color>

	<!-- Viewtypes -->
	<color name="TitleText">FFFFFFFF</color>
	<color name="MediaDetailsGenre">ffa8e612</color>
	<color name="MediaDetailsInfo">eeb4e58d</color>
	<color name="MediaDetailsYear">eee47406</color>
	<color name="MediaDetailsDuration">eee47406</color>
	<color name="MediaDetailsEpisodes">eeb4e58d</color>
	<color name="WatchedOverlay">FFe47406</color>
	<color name="BulletDiffuse">ddc0c0c0</color>
	<color name="ArrowDiffuse">FFa8e612</color>
	<color name="BannerFrameNF">eeb4e58d</color>
	<color name="GlassDiffuse">89FFFFFF</color>
	<color name="FocusBar">aae47406</color>
	<color name="FocusBarText">FFFFFFFF</color>

	<!-- Low List View -->
	<color name="LowListTitle">ddd4c2c2</color>
	<color name="LowListDivider">60FFFFFF</color>

	<!-- Landscape View -->
	<color name="LandscapeDiffuse">89FFFFFF</color>

	<!-- Coverflow View -->
	<color name="PosterDiffuse">89FFFFFF</color>

	<!-- Files View -->
	<color name="FilesDividerDiffuse">20FFFFFF</color>
	<color name="FilesStarDiffuse">eee47406</color>

	<!-- Settings -->
	<color name="SettingsHeading">ffa8e612</color>
	<color name="SettingsDetail">ddFFFFFF</color>
	<color name="SettingsLine">88727272</color>
	<color name="SettingsTitle">eee47406</color>

	<!-- Info -->
	<color name="InfoLines">40c0c0c0</color>
	<color name="MPAADescription">eee47406</color>

	<!-- OSD -->
	<color name="OSDBackgroundColor">dd909090</color>
	<color name="OSDDialogBackgroundColor">a0c0c0c0</color>
	<color name="OSDProgressBar">dde47406</color>
	<color name="OSDFinishTime">ffa8e612</color>
	<color name="OSDPlayerStatusText">eee47406</color>
	<color name="OSDBookmarkNF">32FFFFFF</color>
	<color name="OSDBookmarkFO">60b4e58d</color>

	<!-- Dialogs -->
	<color name="DialogBackgroundColor">FFc0c0c0</color>
	<color name="DialogDropdownColor">FFe8d4b4</color>
	<color name="DialogProgressBar">cce47406</color>
	<color name="DialogTextFO">eeFFFFFF</color>

	<!-- Weather -->
	<color name="WeatherBGDiffuse">29b4e58d</color>
	<color name="WeatherDay">FFd0a664</color>
	<color name="WeatherHighTemp">FFd0a664</color>
	<color name="WeatherLowTemp">eeFFFFFF</color>
	<color name="WeatherHeading">ffa8e612</color>
	<color name="WeatherDetails">FFFFFFFF</color>

	<!-- Now Playing -->
	<color name="NowPlayingTitle">ddc89008</color>				<!-- Now Playing in large frame on Default home screen -->
	<color name="NowPlayingDetails">FFFFFFFF</color>			<!-- Now Playing in large frame on Default home screen -->
	<color name="NowPlayingTitle2">eef8cd22</color>				<!-- Now Playing text on dropdown -->
	<color name="NowPlayingDetails2">eeFFFFFF</color>			<!-- Now Playing text on dropdown -->

	<!-- Alaska Revisited Colors -->

	<!-- Background/Dialog colours -->
	<color name="PicturesDiffuse">52FFFFFF</color>				<!-- Fullscreen Picture background colour and transparency-->
	<color name="DialogBackgroundColour">FFFFFFFF</color>		<!-- dialogback.png colour and transparency -->
	<color name="GlobalColour">FFFFFFFF</color>					<!-- background.png colour - dont change transparency -->
	<color name="GlobalContextColour">32FFFFFF</color>			<!-- Context Menu colour and transparency -->

	<!-- Global colours -->
	<color name="GlobalDialog">FF686868</color>
	<color name="GlobalDialogDetails">FF686868</color>
	<color name="NowPlayingWindowFocus">FF0000ff</color>
</colors>
