<?xml version="1.0" encoding="UTF-8"?>
<window>
	<visible>[Window.IsActive(fullscreenvideo) | Window.IsActive(Visualisation)] + !Window.IsVisible(10153)</visible>
	<visible>![Window.IsActive(VideoOSD) | Window.IsActive(MusicOSD)] + !Window.IsActive(FullscreenInfo) + [Player.Seeking | Player.DisplayAfterSeek | Player.Paused | Player.Forwarding | Player.Rewinding]</visible>
	<visible>!Player.FrameAdvance</visible>
	<controls>
		<include>OSD_Player_Banner</include>
		<include>OSD_Player_Details</include>
		<include>OSD_Player_Time</include>
		<include>OSD_Progress_Bar3</include>
		<AAAcontrol type="group">
			<include condition="!String.IsEqual(Skin.String(OSDFade),Disabled) + String.IsEqual(Skin.String(OSDFadeTime),5)">Animation_FadeOSD5</include>
			<include condition="!String.IsEqual(Skin.String(OSDFade),Disabled) + String.IsEqual(Skin.String(OSDFadeTime),10)">Animation_FadeOSD10</include>
			<include condition="!String.IsEqual(Skin.String(OSDFade),Disabled) + String.IsEqual(Skin.String(OSDFadeTime),15)">Animation_FadeOSD15</include>
			<include condition="!String.IsEqual(Skin.String(OSDFade),Disabled) + String.IsEqual(Skin.String(OSDFadeTime),20)">Animation_FadeOSD20</include>
			<include condition="!String.IsEqual(Skin.String(OSDFade),Disabled) + String.IsEqual(Skin.String(OSDFadeTime),25)">Animation_FadeOSD25</include>
			<include condition="!String.IsEqual(Skin.String(OSDFade),Disabled) + String.IsEqual(Skin.String(OSDFadeTime),30)">Animation_FadeOSD30</include>
			<include condition="!Skin.HasSetting(Slim_Seekbar)">OSD_Progress_Bar2</include>
			<include condition="Skin.HasSetting(Slim_Seekbar)">OSD_Progress_Bar3</include>
			<include condition="!Skin.HasSetting(Slim_Seekbar)">MediaInfo2</include>
			<visible>!Player.ShowInfo + !Window.IsActive(Visualisation)</visible>
		</AAAcontrol>
		<AAAcontrol type="group">
			<include condition="!String.IsEqual(Skin.String(OSDFade),Disabled) + String.IsEqual(Skin.String(OSDFadeTime),5)">Animation_FadeOSD5</include>
			<include condition="!String.IsEqual(Skin.String(OSDFade),Disabled) + String.IsEqual(Skin.String(OSDFadeTime),10)">Animation_FadeOSD10</include>
			<include condition="!String.IsEqual(Skin.String(OSDFade),Disabled) + String.IsEqual(Skin.String(OSDFadeTime),15)">Animation_FadeOSD15</include>
			<include condition="!String.IsEqual(Skin.String(OSDFade),Disabled) + String.IsEqual(Skin.String(OSDFadeTime),20)">Animation_FadeOSD20</include>
			<include condition="!String.IsEqual(Skin.String(OSDFade),Disabled) + String.IsEqual(Skin.String(OSDFadeTime),25)">Animation_FadeOSD25</include>
			<include condition="!String.IsEqual(Skin.String(OSDFade),Disabled) + String.IsEqual(Skin.String(OSDFadeTime),30)">Animation_FadeOSD30</include>
			<include>OSD_Progress_Bar3</include>
			<visible>Window.IsActive(Visualisation)</visible>
		</AAAcontrol>
		<include condition="Skin.HasSetting(DebugGrid)">Object_DebugGrid</include>
	</controls>
</window>
