<?xml version="1.0" encoding="UTF-8"?>
<window>
	<onload condition="System.HasAddon(script.videoextras)">RunScript(script.videoextras,check,"$INFO[ListItem.FilenameAndPath]")</onload>
	<onload condition="System.HasAddon(script.tv.show.next.aired) + Skin.HasSetting(NextAired) + [String.IsEqual(ListItem.DBType,tvshow) | String.IsEqual(ListItem.DBType,season) | String.IsEqual(ListItem.DBType,episode)]">RunScript(script.tv.show.next.aired,backend=True)</onload>
	<defaultcontrol always="true">7003</defaultcontrol>
	<controls>
		<control type="button" id="7050">
			<texturefocus></texturefocus>
			<texturenofocus></texturenofocus>
			<onfocus>SendClick(MovieInformation,5)</onfocus>
			<onfocus>SetFocus(7003)</onfocus>
		</control>
		<control type="button" id="7051">
			<texturefocus></texturefocus>
			<texturenofocus></texturenofocus>
			<onfocus>SendClick(MovieInformation,5)</onfocus>
			<onfocus>SetFocus(300)</onfocus>
		</control>
		<control type="button" id="5">
			<label></label>
			<font></font>
			<onfocus>SetFocus(50)</onfocus>
		</control>
		<control type="group">
			<posx>360</posx>
			<posy>0</posy>
			<include>Animation_FadedByMenu</include>
			<include>Animation_CommonFade</include>
			<include>Animation_OpenCloseFade</include>
			<!-- Title -->
			<control type="fadelabel">
				<posx>-325</posx>
				<posy>20</posy>
				<width>970</width>
				<height>30</height>
				<aligny>center</aligny>
				<scrollout>false</scrollout>
				<pauseatend>200</pauseatend>
				<scrollspeed>20</scrollspeed>
				<font>METF_TitleTextLarge</font>
				<textcolor>TextNF</textcolor>
				<info>ListItem.Label</info>
				<!-- Title was overlapping progress dialog.  this is probably not the best way to fix this, but it works. -->
				<visible>!String.IsEqual(ListItem.DBType,episode) + !Window.IsActive(extendedprogressdialog)</visible>
			</control>
			<control type="fadelabel">
				<posx>-325</posx>
				<posy>20</posy>
				<width>970</width>
				<height>30</height>
				<aligny>center</aligny>
				<scrollout>false</scrollout>
				<pauseatend>200</pauseatend>
				<scrollspeed>20</scrollspeed>
				<font>METF_TitleTextLarge</font>
				<textcolor>TextNF</textcolor>
				<label>$INFO[ListItem.Season]$INFO[ListItem.Episode,x]$INFO[ListItem.Title,. ]</label>
				<!-- Title was overlapping progress dialog.  this is probably not the best way to fix this, but it works. -->
				<visible>String.IsEqual(ListItem.DBType,episode) + !Window.IsActive(extendedprogressdialog)</visible>
			</control>
			<!-- Tagline -->
			<control type="label">
				<posx>-325</posx>
				<posy>55</posy>
				<width>840</width>
				<height>36</height>
				<align>left</align>
				<aligny>center</aligny>
				<font>METF_PlotText</font>
				<textcolor>TextNF</textcolor>
				<label>$INFO[ListItem.Tagline]</label>
				<visible>!String.IsEmpty(ListItem.Tagline) + !String.IsEqual(ListItem.DBType,episode)</visible>
			</control>
			<!-- TVShows Number of Episodes -->
			<control type="label">
				<posx>-325</posx>
				<posy>55</posy>
				<width>840</width>
				<height>36</height>
				<align>left</align>
				<aligny>center</aligny>
				<font>METF_InfoTextLarger</font>
				<textcolor>MediaDetailsEpisodes</textcolor>
				<label>$INFO[ListItem.Property(TotalEpisodes)] $LOCALIZE[20161] $LOCALIZE[20360]</label>
				<visible>String.IsEqual(ListItem.DBType,tvshow)</visible>
			</control>
			<!-- Episode Watched Status -->
			<control type="label">
				<posx>-325</posx>
				<posy>55</posy>
				<width>840</width>
				<height>36</height>
				<align>left</align>
				<aligny>center</aligny>
				<font>METF_InfoTextLarger</font>
				<textcolor>MediaDetailsEpisodes</textcolor>
				<label>$LOCALIZE[16102]</label>
				<visible>String.IsEqual(ListItem.DBType,episode) + String.IsEqual(ListItem.Overlay,OverlayWatched.png)</visible>
			</control>
			<!-- Genre -->
			<control type="label">
				<posx>-8</posx>
				<posy>96</posy>
				<width>515</width>
				<height>30</height>
				<align>left</align>
				<aligny>center</aligny>
				<font>METF_InfoText</font>
				<textcolor>MediaDetailsGenre</textcolor>
				<label>$INFO[ListItem.Genre]</label>
				<visible>!String.IsEmpty(ListItem.Genre) + !String.IsEqual(ListItem.DBType,episode)</visible>
			</control>
			<!-- Episode Air Date -->
			<control type="label">
				<posx>-8</posx>
				<posy>96</posy>
				<width>515</width>
				<height>30</height>
				<align>left</align>
				<aligny>center</aligny>
				<font>METF_InfoTextLarger</font>
				<textcolor>MediaDetailsInfo</textcolor>
				<label>$LOCALIZE[20416] $INFO[ListItem.Premiered]</label>
				<visible>!String.IsEmpty(ListItem.Premiered) + String.IsEqual(ListItem.DBType,episode)</visible>
			</control>
			<!-- User Rating -->
			<control type="image">
				<posx>-8</posx>
				<posy>495</posy>
				<width>515</width>
				<height>30</height>
				<aligny>center</aligny>
				<texture fallback="flags/Rating10/rating0.png">$INFO[ListItem.UserRating,flags/Rating10/rating,.png]</texture>
				<aspectratio align="center" aligny="center">keep</aspectratio>
				<colordiffuse>MediaFlagDiffuse</colordiffuse>
				<visible>!Skin.HasSetting(ShowVideoPath) + !String.IsEmpty(ListItem.UserRating) + [!Skin.HasSetting(NextAired) | String.IsEmpty(Window(Home).Property(NextAired.NextDate))]</visible>
			</control>
			<control type="image">
				<posx>-8</posx>
				<posy>495</posy>
				<width>515</width>
				<height>30</height>
				<aligny>center</aligny>
				<texture>flags/Rating10/rating0.png</texture>
				<aspectratio align="center" aligny="center">keep</aspectratio>
				<colordiffuse>MediaFlagDiffuse</colordiffuse>
				<visible>!Skin.HasSetting(ShowVideoPath) + String.IsEmpty(ListItem.UserRating) + [!Skin.HasSetting(NextAired) | String.IsEmpty(Window(Home).Property(NextAired.NextDate))]</visible>
			</control>
			<!-- Video Path -->
			<control type="fadelabel">
				<posx>-8</posx>
				<posy>489</posy>
				<width>515</width>
				<height>47</height>
				<align>left</align>
				<scroll>true</scroll>
				<scrollout>false</scrollout>
				<pauseatend>1000</pauseatend>
				<font>METF_MPAA</font>
				<textcolor>MPAADescription</textcolor>
				<label>$INFO[ListItem.FilenameAndPath]</label>
				<visible>!String.Contains(ListItem.FilenameAndPath," ") + Skin.HasSetting(ShowVideoPath)</visible>
			</control>
			<control type="textbox">
				<posx>-8</posx>
				<posy>489</posy>
				<width>515</width>
				<height>47</height>
				<align>left</align>
				<font>METF_MPAA</font>
				<textcolor>MPAADescription</textcolor>
				<label>$INFO[ListItem.FilenameAndPath]</label>
				<visible>String.Contains(ListItem.FilenameAndPath," ") + Skin.HasSetting(ShowVideoPath)</visible>
			</control>
			<!-- TV Show Next Aired info -->
			<control type="label">
				<posx>-8</posx>
				<posy>489</posy>
				<width>515</width>
				<height>60</height>
				<align>center</align>
				<font>METF_InfoText</font>
				<textcolor>TextNF</textcolor>
				<label>[COLOR=MediaDetailsInfo]$LOCALIZE[31427]:[/COLOR] $INFO[Window(Home).Property(NextAired.NextTitle),,[CR]]$INFO[Window(Home).Property(NextAired.AirTime),, - ]$INFO[Window(Home).Property(NextAired.NextDate)]</label>
				<visible>String.IsEqual(ListItem.DBType,tvshow) + Skin.HasSetting(NextAired) + !String.IsEmpty(Window(Home).Property(NextAired.NextDate))</visible>
			</control>
			<control type="group">
				<posx>550</posx>
				<posy>225</posy>
				<visible>!Control.IsVisible(50) + [![String.IsEqual(ListItem.DBType,tvshow) | String.IsEqual(ListItem.DBType,season)] | !Skin.HasSetting(NextAired)]</visible>
				<!-- Director -->
				<control type="label">
					<posx>0</posx>
					<posy>99</posy>
					<width>340</width>
					<height>24</height>
					<align>center</align>
					<aligny>center</aligny>
					<font>METF_PlotText</font>
					<textcolor>TextNF</textcolor>
					<label fallback="161">$INFO[ListItem.Director]</label>
				</control>
			</control>
			<control type="group">
				<posx>550</posx>
				<posy>225</posy>
				<visible>!Control.IsVisible(50) + [String.IsEqual(ListItem.DBType,tvshow) | String.IsEqual(ListItem.DBType,season)] + Skin.HasSetting(NextAired)</visible>
				<!-- TV Show Status -->
				<control type="label">
					<posx>0</posx>
					<posy>99</posy>
					<width>340</width>
					<height>24</height>
					<align>center</align>
					<aligny>center</aligny>
					<font>METF_PlotText</font>
					<textcolor>TextNF</textcolor>
					<label>$VAR[TVShowStatus]</label>
				</control>
			</control>
			<control type="group">
				<posx>550</posx>
				<posy>353</posy>
				<visible>!Control.IsVisible(50)</visible>
				<!-- Cast (Actor) -->
				<control type="textbox">
					<posx>0</posx>
					<posy>20</posy>
					<width>340</width>
					<height>140</height>
					<align>center</align>
					<font>METF_PlotText</font>
					<textcolor>TextNF</textcolor>
					<label fallback="161">$INFO[ListItem.Cast]</label>
					<visible>!Control.IsVisible(50)</visible>
				</control>
				<control type="label">
					<posx>0</posx>
					<posy>160</posy>
					<width>340</width>
					<height>25</height>
					<align>center</align>
					<aligny>center</aligny>
					<font>METF_HelpText</font>
					<textcolor>HelpText</textcolor>
					<label>$LOCALIZE[31407]</label>
					<visible>!Control.IsVisible(50) + !Skin.HasSetting(HideHelpText)</visible>
				</control>
			</control>
			<!-- Plot -->
			<control type="textbox">
				<posx>-8</posx>
				<posy>138</posy>
				<width>515</width>
				<height>342</height>
				<align>justify</align>
				<font>METF_PlotText</font>
				<textcolor>TextNF</textcolor>
				<label fallback="161">$INFO[ListItem.Plot]</label>
				<include condition="!Skin.HasSetting(AutoScrollFast)">AutoScrollLong</include>
				<include condition="Skin.HasSetting(AutoScrollFast)">AutoScrollLongFast</include>
				<visible>!Control.IsVisible(50)</visible>
			</control>

			<!-- Director/Status/Cast selector -->
			<control type="panel" id="300">
				<posx>552</posx>
				<posy>302</posy>
				<width>340</width>
				<height>300</height>
				<onup>300</onup>
				<ondown>7050</ondown>
				<onleft>7050</onleft>
				<onright>7050</onright>
				<orientation>vertical</orientation>
				<itemlayout height="51" width="340">
					<control type="label">
						<top>0</top>
						<width>340</width>
						<height>48</height>
						<align>center</align>
						<aligny>top</aligny>
						<font>METF_PlotText</font>
						<textcolor>MediaDetailsInfo</textcolor>
						<label fallback="161">$INFO[ListItem.Label]</label>
					</control>
				</itemlayout>
				<focusedlayout height="51" width="340">
					<control type="image">
						<top>0</top>
						<width>340</width>
						<height>24</height>
						<texture border="4">ButtonFO.png</texture>
						<visible>Control.HasFocus(300)</visible>
					</control>
					<control type="label">
						<top>0</top>
						<width>340</width>
						<height>48</height>
						<align>center</align>
						<aligny>top</aligny>
						<font>METF_PlotText</font>
						<textcolor>MediaDetailsInfo</textcolor>
						<label>$INFO[ListItem.Label]</label>
					</control>
				</focusedlayout>
				<content>
					<item>
						<label>$LOCALIZE[31471]</label>
						<visible>String.IsEqual(ListItem.DBType,tvshow) | String.IsEqual(ListItem.DBType,season)</visible>
					</item>
					<item>
						<label>$LOCALIZE[20339]</label>
						<onclick>SendClick(2003,13)</onclick>
						<visible>![String.IsEqual(ListItem.DBType,tvshow) | String.IsEqual(ListItem.DBType,season)]</visible>
					</item>
					<item>
						<label>$LOCALIZE[344]</label>
						<onclick>SetFocus(5)</onclick>
					</item>
				</content>
			</control>

			<!-- Cast -->
			<control type="panel" id="50">
				<posx>-8</posx>
				<posy>138</posy>
				<width>515</width>
				<height>336</height>
				<onleft>7050</onleft>
				<onright>7050</onright>
				<onup>50</onup>
				<ondown>50</ondown>
				<viewtype label="">list</viewtype>
				<visible>!Control.HasFocus(300) + !Control.HasFocus(7003) + !Control.HasFocus(7050) + !Control.HasFocus(7051)</visible>
				<pagecontrol></pagecontrol>
				<scrolltime>0</scrolltime>
				<orientation>vertical</orientation>
				<itemlayout height="24" width="515">
					<control type="label">
						<posx>0</posx>
						<posy>0</posy>
						<width>515</width>
						<height>24</height>
						<align>left</align>
						<aligny>center</aligny>
						<font>METF_InfoText</font>
						<textcolor>TextNF</textcolor>
						<label>$INFO[ListItem.Label]</label>
					</control>
					<control type="label">
						<posx>0</posx>
						<posy>0</posy>
						<width>515</width>
						<height>24</height>
						<align>right</align>
						<aligny>center</aligny>
						<font>METF_InfoText</font>
						<textcolor>TextNF</textcolor>
						<label>$INFO[ListItem.Label2]</label>
					</control>
				</itemlayout>
				<focusedlayout height="24" width="516">
					<control type="label">
						<posx>0</posx>
						<posy>0</posy>
						<width>515</width>
						<height>24</height>
						<align>left</align>
						<aligny>center</aligny>
						<font>METF_InfoText</font>
						<textcolor>TextFO</textcolor>
						<scrollspeed>30</scrollspeed>
						<label>[B]$INFO[ListItem.Label][/B]</label>
					</control>
					<control type="label">
						<posx>0</posx>
						<posy>0</posy>
						<width>515</width>
						<height>24</height>
						<align>right</align>
						<aligny>center</aligny>
						<font>METF_InfoText</font>
						<textcolor>TextFO</textcolor>
						<scrollspeed>30</scrollspeed>
						<label>[B]$INFO[ListItem.Label2][/B]</label>
					</control>
				</focusedlayout>
			</control>
			<!-- Actor Images -->
			<control type="image">
				<posx>638</posx>
				<posy>310</posy>
				<width>152</width>
				<height>194</height>
				<texture>frames/ClassicFrame_Background.png</texture>
				<aspectratio align="center" aligny="center">stretch</aspectratio>
				<visible>Control.IsVisible(50)</visible>
			</control>
			<control type="image">
				<description>Actor image</description>
				<posx>638</posx>
				<posy>310</posy>
				<width>152</width>
				<height>194</height>
				<texture>$INFO[Container(50).Listitem.Icon]</texture>
				<aspectratio align="center" aligny="center">scale</aspectratio>
				<visible>Control.IsVisible(50) + !String.StartsWith(Container(50).Listitem.Icon,default)</visible>
			</control>
			<control type="image">
				<description>Actor image</description>
				<posx>638</posx>
				<posy>310</posy>
				<width>152</width>
				<height>194</height>
				<texture>$INFO[Container(50).Listitem.Icon]</texture>
				<aspectratio align="center" aligny="center">scale</aspectratio>
				<visible>Control.IsVisible(50) + String.StartsWith(Container(50).Listitem.Icon,default)</visible>
			</control>
			<control type="image">
				<posx>628</posx>
				<posy>296</posy>
				<width>180</width>
				<height>224</height>
				<texture background="true">frames/ClassicFrame_PosterSmall.png</texture>
				<aspectratio scalediffuse="false">stretch</aspectratio>
				<visible>Control.IsVisible(50)</visible>
			</control>
		</control>

		<!-- Year and Duration -->
		<control type="grouplist">
			<posx>625</posx>
			<posy>23</posy>
			<width>620</width>
			<height>30</height>
			<align>right</align>
			<itemgap>10</itemgap>
			<orientation>horizontal</orientation>
			<include>Animation_FadedByMenu</include>
			<include>Animation_CommonFade</include>
			<include>Animation_OpenCloseFade</include>
			<!-- Country -->
			<control type="label">
				<width min="25" max="380">auto</width>
				<height>30</height>
				<aligny>center</aligny>
				<font>METF_MediaDetailsSmall</font>
				<textcolor>MediaDetailsYear</textcolor>
				<label>$INFO[ListItem.Country]</label>
				<visible>!String.IsEmpty(ListItem.Country) + [String.IsEqual(ListItem.DBType,tvshow) | String.IsEqual(ListItem.DBType,movie) | String.IsEqual(ListItem.DBType,musicvideo)]</visible>
			</control>
			<!-- Bullet -->
			<control type="image">
				<include>ViewDetailsBullet</include>
				<visible>!String.IsEmpty(ListItem.Country) + [String.IsEqual(ListItem.DBType,tvshow) | String.IsEqual(ListItem.DBType,movie) | String.IsEqual(ListItem.DBType,musicvideo)]</visible>
			</control>
			<!-- Year -->
			<control type="label">
				<width min="25" max="220">auto</width>
				<height>30</height>
				<aligny>center</aligny>
				<font>METF_MediaDetailsSmall</font>
				<textcolor>MediaDetailsYear</textcolor>
				<label>$INFO[ListItem.Year]</label>
				<visible>!String.IsEmpty(ListItem.Year) + [String.IsEqual(ListItem.DBType,tvshow) | String.IsEqual(ListItem.DBType,movie) | String.IsEqual(ListItem.DBType,musicvideo)]</visible>
			</control>
			<!-- Bullet -->
			<control type="image">
				<include>ViewDetailsBullet</include>
				<visible>![String.IsEmpty(ListItem.Year) | String.IsEmpty(ListItem.Duration)] + [String.IsEqual(ListItem.DBType,movie) | String.IsEqual(ListItem.DBType,musicvideo)]</visible>
			</control>
			<!-- Duration -->
			<control type="label">
				<width min="25" max="220">auto</width>
				<height>30</height>
				<aligny>center</aligny>
				<font>METF_MediaDetailsSmall</font>
				<textcolor>MediaDetailsDuration</textcolor>
				<label>$INFO[ListItem.Duration]</label>
				<visible>!String.IsEmpty(ListItem.Duration) + [String.IsEqual(ListItem.DBType,movie) | String.IsEqual(ListItem.DBType,episode) | String.IsEqual(ListItem.DBType,musicvideo)]</visible>
			</control>
		</control>

		<!-- Control Buttons -->
		<control type="grouplist" id="7003">
			<include>Animation_FadedByMenu</include>
			<include>Animation_CommonFade</include>
			<include>Animation_OpenCloseFade</include>
			<posx>334</posx>
			<posy>555</posy>
			<width>552</width>
			<height>70</height>
			<itemgap>10</itemgap>
			<align>center</align>
			<orientation>horizontal</orientation>
			<onleft>7003</onleft>
			<onright>7003</onright>
			<onup>7051</onup>
			<ondown>Close</ondown>
			<ondown>SetFocus(55)</ondown>
			<!-- Play -->
			<control type="button" id="8">
				<include>VideoInfoButton</include>
				<texturenofocus>buttons/button_play.png</texturenofocus>
				<texturefocus>buttons/button_playFO.png</texturefocus>
				<include>Animation_ButtonFocus</include>
				<visible>String.IsEqual(ListItem.DBType,episode) | String.IsEqual(ListItem.DBType,movie) | String.IsEqual(ListItem.DBType,musicvideo)</visible>
			</control>
			<!-- Trailer -->
			<control type="button" id="11">
				<include>VideoInfoButton</include>
				<texturenofocus>buttons/button_trailer.png</texturenofocus>
				<texturefocus>buttons/button_trailerFO.png</texturefocus>
				<include>Animation_ButtonFocus</include>
				<visible>!String.IsEmpty(ListItem.Trailer)</visible>
			</control>
			<!-- Choose Art -->
			<control type="button" id="10">
				<include>VideoInfoButton</include>
				<texturenofocus>buttons/button_fanart.png</texturenofocus>
				<texturefocus>buttons/button_fanartFO.png</texturefocus>
				<include>Animation_ButtonFocus</include>
			</control>
			<!-- Artwork Downloading Button, artwork.beef -->
			<control type="button" id="20">
				<include>VideoInfoButton</include>
				<texturenofocus>osd/osd_button_channel_previous_nf.png</texturenofocus>
				<texturefocus>osd/osd_button_channel_previous_fo.png</texturefocus>
				<onclick condition="String.IsEqual(ListItem.DBType,episode) + System.HasAddon(script.artwork.beef)">XBMC.RunScript(script.artwork.beef, mode=gui, mediatype=episode, dbid=$INFO[ListItem.DBID])</onclick>
				<onclick condition="String.IsEqual(ListItem.DBType,tvshow) + System.HasAddon(script.artwork.beef)">XBMC.RunScript(script.artwork.beef, mode=gui, mediatype=tvshow, dbid=$INFO[ListItem.DBID])</onclick>
				<onclick condition="String.IsEqual(ListItem.DBType,movie) + System.HasAddon(script.artwork.beef)">XBMC.RunScript(script.artwork.beef, mode=gui, mediatype=movie, dbid=$INFO[ListItem.DBID])</onclick>
				<include>Animation_ButtonFocus</include>
				<visible>System.HasAddon(script.artwork.beef) + [String.IsEqual(ListItem.DBType,movie) | String.IsEqual(ListItem.DBType,tvshow) | String.IsEqual(ListItem.DBType,episode)]</visible>
			</control>
			<!-- Video Extras -->
			<control type="button" id="21">
				<description>Extras</description>
				<include>VideoInfoButton</include>
				<texturenofocus>buttons/button_videoextras.png</texturenofocus>
				<texturefocus>buttons/button_videoextrasFO.png</texturefocus>
				<include>Animation_ButtonFocus</include>
				<onclick>RunScript(script.videoextras,display,"$INFO[ListItem.FilenameAndPath]")</onclick>
				<label>$INFO[System.AddonTitle(script.videoextras)]</label>
				<visible>System.HasAddon(script.videoextras)</visible>
				<visible>String.IsEqual(ListItem.DBType,movie) | String.IsEqual(ListItem.DBType,tvshow) | String.IsEqual(ListItem.DBType,episode) | String.IsEqual(ListItem.DBType,musicvideo)</visible>
			</control>
			<!-- Extended Info -->
			<control type="button" id="22">
				<description>Extras</description>
				<include>VideoInfoButton</include>
				<texturenofocus>buttons/button_extendedinfo.png</texturenofocus>
				<texturefocus>buttons/button_extendedinfoFO.png</texturefocus>
				<include>Animation_ButtonFocus</include>
				<onclick condition="String.IsEqual(ListItem.DBTYPE,movie) | String.IsEqual(ListItem.DBTYPE,set)">RunScript(script.extendedinfo,info=extendedinfo,name=$INFO[ListItem.Title])</onclick>
				<onclick condition="String.IsEqual(ListItem.DBTYPE,tvshow)">RunScript(script.extendedinfo,info=extendedtvinfo,name=$INFO[ListItem.Title])</onclick>
				<label>$INFO[System.AddonTitle(script.extendedinfo)]</label>
				<visible>System.HasAddon(script.extendedinfo)</visible>
				<visible>String.IsEqual(ListItem.DBType,movie) | String.IsEqual(ListItem.DBType,tvshow) | String.IsEqual(ListItem.DBType,episode) | String.IsEqual(ListItem.DBType,musicvideo)</visible>
			</control>
			<!-- Refresh -->
			<control type="button" id="6">
				<include>VideoInfoButton</include>
				<texturenofocus>buttons/button_refresh.png</texturenofocus>
				<texturefocus>buttons/button_refreshFO.png</texturefocus>
				<include>Animation_ButtonFocus</include>
			</control>
			<!-- User ratings -->
			<control type="button" id="7">
				<description>Set rating</description>
				<include>VideoInfoButton</include>
				<texturenofocus>buttons/button_thumb.png</texturenofocus>
				<texturefocus>buttons/button_thumbFO.png</texturefocus>
			</control>
		</control>
		<!-- Control Button Text -->
		<control type="group">
			<include>Animation_FadedByMenu</include>
			<include>Animation_CommonFade</include>
			<include>Animation_OpenCloseFade</include>
			<control type="label">
				<description>Play</description>
				<include>VideoInfoButtonLabel</include>
				<label>$LOCALIZE[208]</label>
				<visible>ControlGroup(7003).HasFocus(8)</visible>
			</control>
			<control type="label">
				<description>Cinema Experience</description>
				<include>VideoInfoButtonLabel</include>
				<label>$LOCALIZE[31408]</label>
				<visible>ControlGroup(7003).HasFocus(19)</visible>
			</control>
			<control type="label">
				<description>Extra Artwork Downloader</description>
				<include>VideoInfoButtonLabel</include>
				<label>$LOCALIZE[31126]</label>
				<visible>ControlGroup(7003).HasFocus(20)</visible>
			</control>
			<control type="label">
				<description>Video Extras</description>
				<include>VideoInfoButtonLabel</include>
				<label>$INFO[System.AddonTitle(script.videoextras)]</label>
				<visible>ControlGroup(7003).HasFocus(21)</visible>
			</control>
			<control type="label">
				<description>Extended Info</description>
				<include>VideoInfoButtonLabel</include>
				<label>$INFO[System.AddonTitle(script.extendedinfo)]</label>
				<visible>ControlGroup(7003).HasFocus(22)</visible>
			</control>
			<control type="label">
				<description>Trailer</description>
				<include>VideoInfoButtonLabel</include>
				<label>$LOCALIZE[20410]</label>
				<visible>ControlGroup(7003).HasFocus(11)</visible>
			</control>
			<control type="label">
				<description>Choose Art</description>
				<include>VideoInfoButtonLabel</include>
				<label>$LOCALIZE[13511]</label>
				<visible>ControlGroup(7003).HasFocus(10)</visible>
			</control>
			<control type="label">
				<description>Refresh</description>
				<include>VideoInfoButtonLabel</include>
				<label>$LOCALIZE[184]</label>
				<visible>ControlGroup(7003).HasFocus(6)</visible>
			</control>
			<control type="label">
				<description>Set rating</description>
				<include>VideoInfoButtonLabel</include>
				<label>$LOCALIZE[38023]</label>
				<visible>ControlGroup(7003).HasFocus(7)</visible>
			</control>
		</control>

		<!-- Images -->
		<control type="group">
			<control type="group">
				<include>Animation_FadedByMenu</include>
				<include>Animation_CommonFade</include>
				<include>Animation_OpenCloseFade</include>
				<visible>String.IsEqual(ListItem.DBType,movie) | String.IsEqual(ListItem.DBType,tvshow) | String.IsEqual(ListItem.DBType,season) | String.IsEqual(ListItem.DBType,episode) | String.IsEqual(ListItem.DBType,musicvideo)</visible>
				<!-- Default Poster Image -->
				<control type="image">
					<posx>44</posx>
					<posy>116</posy>
					<width>270</width>
					<height>396</height>
					<texture background="true" fallback="DefaultThumb.png">$VAR[PosterThumb]</texture>
					<aspectratio scalediffuse="false">scale</aspectratio>
					<animation effect="zoom" center="auto" start="40" end="100" time="400" tween="cubic" easing="inout">WindowOpen</animation>
					<animation effect="fade" start="0" end="0" time="0">WindowClose</animation>
					<visible>!String.IsEqual(ListItem.DBType,season) + !String.IsEqual(ListItem.DBType,episode) + !String.IsEqual(ListItem.DBType,musicvideo)</visible>
				</control>
				<!-- Poster Image for TV Show Seasons and Episodes -->
				<control type="image">
					<posx>44</posx>
					<posy>116</posy>
					<width>270</width>
					<height>396</height>
					<texture background="true" fallback="DefaultThumb.png">$INFO[ListItem.Art(season.poster)]</texture>
					<aspectratio scalediffuse="false">scale</aspectratio>
					<animation effect="zoom" center="auto" start="40" end="100" time="400" tween="cubic" easing="inout">WindowOpen</animation>
					<animation effect="fade" start="0" end="0" time="0">WindowClose</animation>
					<visible>String.IsEqual(ListItem.DBType,season) | String.IsEqual(ListItem.DBType,episode)</visible>
				</control>
				<!-- Thumbnail for Music Videos -->
				<control type="image">
					<posx>48</posx>
					<posy>120</posy>
					<width>260</width>
					<height>260</height>
					<texture background="true" fallback="DefaultThumb.png">$INFO[ListItem.Icon]</texture>
					<aspectratio scalediffuse="false">stretch</aspectratio>
					<animation effect="zoom" center="auto" start="40" end="100" time="400" tween="cubic" easing="inout">WindowOpen</animation>
					<animation effect="fade" start="0" end="0" time="0">WindowClose</animation>
					<visible>String.IsEqual(ListItem.DBType,musicvideo)</visible>
				</control>
				<!-- Poster Frame -->
				<control type="image">
					<posx>28</posx>
					<posy>94</posy>
					<width>302</width>
					<height>444</height>
					<texture>frames/ClassicFrame_Poster.png</texture>
					<aspectratio scalediffuse="false">stretch</aspectratio>
					<animation effect="zoom" center="auto" start="40" end="100" time="400" tween="cubic" easing="inout">WindowOpen</animation>
					<animation effect="fade" start="0" end="0" time="0">WindowClose</animation>
					<visible>!String.IsEqual(ListItem.DBType,musicvideo)</visible>
				</control>
				<!-- Square Frame (for Music Videos) -->
				<control type="image">
					<posx>26</posx>
					<posy>100</posy>
					<width>302</width>
					<height>302</height>
					<texture>frames/ClassicFrame_SquareMedium.png</texture>
					<aspectratio scalediffuse="false">stretch</aspectratio>
					<animation effect="zoom" center="auto" start="40" end="100" time="400" tween="cubic" easing="inout">WindowOpen</animation>
					<animation effect="fade" start="0" end="0" time="0">WindowClose</animation>
					<visible>String.IsEqual(ListItem.DBType,musicvideo)</visible>
				</control>

				<!-- Default Fanart Image -->
				<control type="image">
					<posx>912</posx>
					<posy>80</posy>
					<width>320</width>
					<height>180</height>
					<texture fallback="home_art/movies.jpg">$INFO[ListItem.Art(fanart)]</texture>
					<aspectratio aligny="top" scalediffuse="false">scale</aspectratio>
					<visible>!String.IsEqual(ListItem.DBType,episode)</visible>
				</control>
				<!-- TV Show Episode Fanart Image -->
				<control type="image">
					<posx>912</posx>
					<posy>80</posy>
					<width>320</width>
					<height>180</height>
					<texture>$INFO[ListItem.Thumb]</texture>
					<aspectratio aligny="center" scalediffuse="false">scale</aspectratio>
					<visible>String.IsEqual(ListItem.DBType,episode)</visible>
				</control>
				<!-- Frame for fanart -->
				<control type="image">
					<posx>892</posx>
					<posy>62</posy>
					<width>360</width>
					<height>218</height>
					<aspectratio>stretch</aspectratio>
					<texture>frames/ClassicFrame_FanartSmall.png</texture>
					<visible>String.IsEqual(ListItem.DBType,movie) | String.IsEqual(ListItem.DBType,tvshow) | String.IsEqual(ListItem.DBType,season) | String.IsEqual(ListItem.DBType,episode) | String.IsEqual(ListItem.DBType,musicvideo)</visible>
				</control>
			</control>
			<control type="group">
				<include>Animation_FadedByMenu</include>
				<include>Animation_CommonFade</include>
				<include>Animation_OpenCloseFade</include>
				<visible>![String.IsEqual(ListItem.DBType,movie) | String.IsEqual(ListItem.DBType,tvshow) | String.IsEqual(ListItem.DBType,season) | String.IsEqual(ListItem.DBType,episode) | String.IsEqual(ListItem.DBType,musicvideo)]</visible>
				<!-- Icon Image for items NOT in Video Library -->
				<control type="image">
					<posx>35</posx>
					<posy>115</posy>
					<width>275</width>
					<height>404</height>
					<aspectratio align="right" aligny="center">keep</aspectratio>
					<texture fallback="DefaultThumb.png">$INFO[ListItem.Icon]</texture>
					<bordertexture border="8">frames/thumb_border_round2.png</bordertexture>
					<bordersize>4</bordersize>
				</control>
			</control>
		</control>
		<include>Object_InfoLines</include>
		<include>Global_ContextFilter</include>
		<include condition="Skin.HasSetting(Hide_ExtraMediaFlags)">MediaInfo2</include>
		<include condition="Skin.HasSetting(DebugGrid)">Object_DebugGrid</include>
	</controls>
</window>
