<?xml version="1.0" encoding="UTF-8"?>
<includes>
	<include name="Viewtype_Poster_Fixed">
		<control type="group">
			<visible>Control.IsVisible(53)</visible>
			<!-- Browser -->
			<control type="fixedlist" id="53">
				<viewtype label="31283">icon</viewtype>
				<onleft>53</onleft>
				<onright>53</onright>
				<visible>!Skin.HasSetting(NoViewPosterFixed)</visible>
				<include>PosterViewCommon_Browser</include>
			</control>
			<include>PosterViewCommon_Details</include>
			<include>ScrollBar_Horizontal</include>
		</control>
	</include>
</includes>
