<?xml version="1.0" encoding="UTF-8"?>
<window>
	<defaultcontrol always="true">3</defaultcontrol>
	<include>Animation_OpenCloseFade</include>
	<coordinates>
		<system>1</system>
		<posx>0</posx>
		<posy>0</posy>
		<origin x="0" y="0" />
	</coordinates>
	<controls>
	<include>Global_Background</include>
		<control type="group">
			<animation type="Conditional" condition="Window.IsActive(filebrowser)">
				<effect type="zoom" time="600" center="640,360" start="100" end="50" tween="cubic" easing="inout" />
				<effect type="fade" time="400" start="100" end="0" />
			</animation>
			<posy>-110</posy>
			<control type="label" id="2">
				<description>Header Label</description>
				<posx>450</posx>
				<posy>175</posy>
				<width>810</width>
				<height>52</height>
				<font>METF_FontAMPM</font>
				<textcolor>SettingsTitle</textcolor>
				<align>left</align>
				<aligny>center</aligny>
				<label></label>
			</control>
			<control type="grouplist" id="5">
				<description>Control Area</description>
				<posx>440</posx>
				<posy>240</posy>
				<width>840</width>
				<height>380</height>
				<itemgap>0</itemgap>
				<onleft>28</onleft>
				<onright>28</onright>
				<onup>28</onup>
				<ondown>28</ondown>
			</control>
			<control type="button" id="7">
				<description>Default Button</description>
				<include>SettingsLabel</include>
			</control>
			<control type="radiobutton" id="8">
				<description>Default RadioButton</description>
				<include>SettingsLabel</include>
			</control>
			<control type="spincontrolex" id="9">
				<description>Default SpinControlex</description>
				<include>SettingsLabel</include>
			</control>
			<control type="image" id="11">
				<description>Default Seperator</description>
				<include>Settings_Line</include>
			</control>
			<control type="edit" id="12">
				<include>SettingsLabel</include>
			</control>
			<control type="label" id="14">
				<description>Separator label</description>
				<font>METF_FontAMPM</font>
				<include>SettingsLabel</include>
			</control>
			<control type="sliderex" id="13">
				<description>Default Slider</description>
				<include>SettingsLabel</include>
				<sliderwidth>300</sliderwidth>
				<sliderheight>16</sliderheight>
				<texturesliderbar>osd/osdsliderback.png</texturesliderbar>
				<textureslidernib>osd/osdslidernib_2.png</textureslidernib>
				<textureslidernibfocus>osd/osdslidernib.png</textureslidernibfocus>
			</control>
			<control type="grouplist" id="3">
				<description>Button Area</description>
				<posx>0</posx>
				<posy>392</posy>
				<width>380</width>
				<height>230</height>
				<itemgap>0</itemgap>
				<scrolltime>0</scrolltime>
				<onleft>5</onleft>
				<onright>5</onright>
				<onup>28</onup>
				<ondown>30</ondown>
				<orientation>vertical</orientation>
			</control>
			<control type="button" id="10">
				<description>Default Button</description>
				<include>SettingsLabelLeft</include>
			</control>
			<control type="group">
				<control type="button" id="30">
					<description>Default</description>
					<posx>0</posx>
					<posy>200</posy>
					<include>SettingsLabelLeft</include>
					<label>$LOCALIZE[409]</label>
					<onleft>5</onleft>
					<onright>5</onright>
					<onup>3</onup>
					<ondown>29</ondown>
				</control>
				<control type="button" id="29">
					<description>Cancel</description>
					<posx>0</posx>
					<posy>250</posy>
					<include>SettingsLabelLeft</include>
					<label>$LOCALIZE[222]</label>
					<onleft>5</onleft>
					<onright>5</onright>
					<onup>30</onup>
					<ondown>28</ondown>
				</control>
				<control type="button" id="28">
					<description>Ok</description>
					<posx>0</posx>
					<posy>300</posy>
					<include>SettingsLabelLeft</include>
					<label>$LOCALIZE[186]</label>
					<onleft>5</onleft>
					<onright>5</onright>
					<onup>29</onup>
					<ondown>3</ondown>
				</control>
			</control>
			<control type="image">
				<include>Animation_CommonFadeNoHide</include>
				<posx>848</posx>
				<posy>218</posy>
				<height>24</height>
				<width>24</width>
				<texture>Arrow2Up.png</texture>
				<colordiffuse>ArrowDiffuse</colordiffuse>
				<visible>Container(2).HasPrevious</visible>
			</control>
			<control type="image">
				<include>Animation_CommonFadeNoHide</include>
				<posx>848</posx>
				<posy>620</posy>
				<height>24</height>
				<width>24</width>
				<texture>Arrow2Down.png</texture>
				<colordiffuse>ArrowDiffuse</colordiffuse>
				<visible>Container(2).HasNext</visible>
			</control>
		</control>
	</controls>
</window>
