<?xml version="1.0" encoding="UTF-8"?>
<window>
	<onload condition="System.HasAddon(script.artistslideshow) + Skin.HasSetting(VisBgArtistSlideshow)">RunScript(script.artistslideshow)</onload>
	<defaultcontrol></defaultcontrol>
	<controls>
		<control type="multiimage" id="99">
			<include>MusicVis_Background</include>
			<imagepath background="true">$INFO[Window(Visualisation).Property(ArtistSlideshow)]</imagepath>
			<randomize>true</randomize>
			<visible>Skin.HasSetting(VisBgArtistSlideshow)</visible>
		</control>
		<control type="image">
			<include>MusicVis_Background</include>
			<texture background="true" fallback="home_art/music.jpg">$INFO[Player.Art(fanart)]</texture>
			<visible>Skin.HasSetting(VisBgFanart) | String.IsEmpty(Control.GetLabel(6950))</visible>
		</control>
		<control type="multiimage" id="6950">
			<include>MusicVis_Background</include>
			<timeperimage>6000</timeperimage>
			<randomize>true</randomize>
			<loop>yes</loop>
			<imagepath background="true" fallback="home_art/music.jpg">$INFO[Window(Home).Property(SkinHelper.Player.Music.ExtraFanArt)]</imagepath>
			<visible>Skin.HasSetting(VisBgExtraFanart) + Skin.HasSetting(SkinHelper.EnableExtraFanart) + !String.IsEmpty(Window(Home).Property(SkinHelper.Player.Music.ExtraFanArt))</visible>
		</control>
		<control type="visualisation" id="2">
			<description>visualisation</description>
			<posx>0</posx>
			<posy>0</posy>
			<width>1280</width>
			<height>720</height>
			<include>Animation_BackdropFade</include>
		</control>
		<control type="group">
			<visible>Player.ShowInfo + Skin.HasSetting(ShowMusicTime) + ![Window.IsVisible(musicosd) | Window.IsVisible(seekbar)]</visible>
			<include>Animation_CommonFade</include>
			<control type="label">
				<posx>1250</posx>
				<posy>10</posy>
				<width>150</width>
				<height>40</height>
				<aligny>center</aligny>
				<align>right</align>
				<font>METF_OSDTime</font>
				<textcolor>OSDFinishTime</textcolor>
				<label>$INFO[MusicPlayer.PlaylistPosition]$INFO[MusicPlayer.PlaylistLength,/]</label>
			</control>
		</control>
		<control type="group">
			<visible>Player.ShowInfo + !Window.IsVisible(musicosd)</visible>
			<animation type="Visible">
				<effect type="fade" time="200" start="0" end="100" />
				<effect type="slide" time="600" start="0,151" end="0,0" easing="out" tween="cubic" />
			</animation>
			<animation type="Hidden">
				<effect type="fade" time="200" start="100" end="0" />
				<effect type="slide" time="600" start="0,0" end="0,151" easing="out" tween="cubic" />
			</animation>
			<control type="image">
				<posx>0</posx>
				<posy>460</posy>
				<width>1280</width>
				<height>260</height>
				<texture>osd/osd_dialog_bg.png</texture>
				<colordiffuse>OSDBackgroundColor</colordiffuse>
				<visible>!Skin.HasSetting(SlimMusicInfo)</visible>
			</control>
			<control type="image">
				<posx>0</posx>
				<posy>546</posy>
				<width>1300</width>
				<height>194</height>
				<texture>BlackBG.png</texture>
				<colordiffuse>dd909090</colordiffuse>
				<visible>Skin.HasSetting(SlimMusicInfo) + !Skin.HasSetting(HideVisClock) + !Skin.HasSetting(HideClockTemp)</visible>
			</control>
			<control type="image">
				<posx>0</posx>
				<posy>580</posy>
				<width>1280</width>
				<height>160</height>
				<texture>BlackBG.png</texture>
				<colordiffuse>dd909090</colordiffuse>
				<visible>Skin.HasSetting(SlimMusicInfo) + !Skin.HasSetting(HideVisClock) + Skin.HasSetting(HideClockTemp)</visible>
			</control>
			<control type="image">
				<posx>0</posx>
				<posy>606</posy>
				<width>1280</width>
				<height>134</height>
				<texture>BlackBG.png</texture>
				<colordiffuse>dd909090</colordiffuse>
				<visible>Skin.HasSetting(SlimMusicInfo) + Skin.HasSetting(HideVisClock)</visible>
			</control>

			<!-- Small CD cover -->
			<control type="group">
				<posx>-20</posx>
				<posy>555</posy>
				<animation effect="slide" start="-280" end="30" time="600" tween="cubic" easing="out" delay="400">WindowOpen</animation>
				<animation effect="slide" start="30" end="-280" time="600" tween="cubic" easing="out" delay="800">WindowClose</animation>
				<visible>!Skin.HasSetting(SlimMusicInfo) + Skin.HasSetting(MediaOverlay) + !Skin.HasSetting(HideVisClock)</visible>
				<control type="image" id="7026">
					<width>180</width>
					<height>180</height>
					<posx>64</posx>
					<posy>-70</posy>
					<include>Animation_SpinningCD</include>
				</control>
				<control type="image">
					<description>cover image</description>
					<posx>-50</posx>
					<posy>-80</posy>
					<width>340</width>
					<height>200</height>
					<fadetime>200</fadetime>
					<texture background="true">$INFO[MusicPlayer.Cover]</texture>
					<aspectratio aligny="bottom">keep</aspectratio>
					<bordertexture border="8">frames/thumb_border_square.png</bordertexture>
					<bordersize>8</bordersize>
				</control>
			</control>

			<!-- Large CD cover -->
			<control type="group">
				<posx>-20</posx>
				<posy>550</posy>
				<animation effect="slide" start="-280" end="30" time="600" tween="cubic" easing="out" delay="400">WindowOpen</animation>
				<animation effect="slide" start="30" end="-280" time="600" tween="cubic" easing="out" delay="800">WindowClose</animation>
				<visible>!Skin.HasSetting(SlimMusicInfo) + Skin.HasSetting(MediaOverlay) + Skin.HasSetting(HideVisClock)</visible>
				<control type="image" id="7026">
					<width>220</width>
					<height>220</height>
					<posx>64</posx>
					<posy>-70</posy>
					<include>Animation_SpinningCD</include>
				</control>
				<control type="image">
					<description>cover image</description>
					<posx>00</posx>
					<posy>-80</posy>
					<width>240</width>
					<height>240</height>
					<fadetime>240</fadetime>
					<texture background="true">$INFO[MusicPlayer.Cover]</texture>
					<aspectratio>stretch</aspectratio>
					<bordertexture border="8">frames/thumb_border_square.png</bordertexture>
					<bordersize>8</bordersize>
				</control>
			</control>	
			
			<control type="label">
				<description>artist label</description>
				<posx>330</posx>
				<posy>485</posy><!-- -143 -->
				<width>650</width>
				<height>25</height>
				<align>center</align>
				<scroll>true</scroll>
				<font>METF_MusicVizTitle</font>
				<label>[COLOR=NowPlayingTitle]$INFO[MusicPlayer.Artist][/COLOR]</label>
				<visible>!Skin.HasSetting(SlimMusicInfo) + [[String.IsEmpty(Player.Art(artist.clearlogo)) + String.IsEmpty(Player.Art(clearlogo))] | !Skin.HasSetting(ShowArtistClearlogo)]</visible>
			</control>
			<control type="image">
				<description>artist clearlogo</description>
				<posx>480</posx>
				<posy>485</posy><!-- -143 -->
				<width>350</width>
				<height>80</height>
				<texture background="true" fallback="$INFO[Player.Art(clearlogo)]">$INFO[Player.Art(artist.clearlogo)]</texture>
				<visible>!Skin.HasSetting(SlimMusicInfo) + Skin.HasSetting(ShowArtistClearlogo) + [!String.IsEmpty(Player.Art(artist.clearlogo)) | !String.IsEmpty(Player.Art(clearlogo))]</visible>
			</control>
			<control type="label">
				<posx>350</posx>
				<posy>575</posy> <!-- -103 -->
				<width>610</width>
				<height>24</height>
				<align>center</align>
				<aligny>center</aligny>
				<font>METF_TitleTextLarge</font>
				<label>$INFO[MusicPlayer.Album]</label>
				<textcolor>80C2C4C3</textcolor>
				<visible>!Skin.HasSetting(SlimMusicInfo)</visible>
			</control>
			<control type="label">
				<posx>10</posx>
				<posy>608</posy><!-- -143 -->
				<width>336</width>
				<height>30</height>
				<align>left</align>
				<scroll>true</scroll>
				<font>METF_SettingsHeading</font>
				<label>[COLOR=NowPlayingTitle]$INFO[MusicPlayer.Artist][/COLOR]</label>
				<visible>Skin.HasSetting(SlimMusicInfo)</visible>
			</control>
			<control type="label">
				<posx>10</posx>
				<posy>636</posy> <!-- -103 -->
				<width>336</width>
				<height>30</height>
				<align>left</align>
				<font>METF_SettingsHeading</font>
				<label>$INFO[MusicPlayer.Album]</label>
				<textcolor>80C2C4C3</textcolor>
				<visible>Skin.HasSetting(SlimMusicInfo)</visible>
			</control>
			<control type="label">
				<posx>330</posx>
				<posy>612</posy>
				<width>650</width><!-- 1280 -->
				<height>30</height>
				<align>center</align>
				<font>METF_SettingsHeading</font>
				<label>[COLOR=white]$INFO[MusicPlayer.Title][/COLOR]</label>
			</control>
			<control type="progress" id="23">
				<description>Progressbar</description>
				<posx>400</posx>
				<posy>660</posy>
				<width>500</width>
				<height>15</height>
				<info>Player.Progress</info>
				<reveal>true</reveal>
				<texturebg>osd/osd_progress_back.png</texturebg>
				<lefttexture>osd/osd_progress_left.png</lefttexture>
				<midtexture>osd/osd_progress_mid.png</midtexture>
				<righttexture>osd/osd_progress_right.png</righttexture>
				<colordiffuse>OSDProgressBar</colordiffuse>
				<overlaytexture></overlaytexture>
				<visible>!Skin.HasSetting(ShowMusicTime)</visible>
			</control>
			<control type="fadelabel">
				<posx>395</posx>
				<posy>664</posy>
				<width>90</width>
				<height>8</height>
				<align>center</align>
				<aligny>center</aligny>
				<info>MusicPlayer.Time</info>
				<font>METF_DialogSmall</font>
				<textcolor>NowPlayingTitle</textcolor>
				<visible>Skin.HasSetting(ShowMusicTime)</visible>
			</control>
			<control type="progress" id="23">
				<description>Progressbar</description>
				<posx>495</posx>
				<posy>660</posy>
				<width>320</width>
				<height>15</height>
				<info>Player.Progress</info>
				<reveal>true</reveal>
				<texturebg>osd/osd_progress_back.png</texturebg>
				<lefttexture>osd/osd_progress_left.png</lefttexture>
				<midtexture>osd/osd_progress_mid.png</midtexture>
				<righttexture>osd/osd_progress_right.png</righttexture>
				<colordiffuse>OSDProgressBar</colordiffuse>
				<overlaytexture></overlaytexture>
				<visible>Skin.HasSetting(ShowMusicTime)</visible>
			</control>
			<control type="fadelabel">
				<posx>824</posx>
				<posy>664</posy>
				<width>90</width>
				<height>8</height>
				<align>center</align>
				<aligny>center</aligny>
				<info>MusicPlayer.Duration</info>
				<font>METF_DialogSmall</font>
				<textcolor>NowPlayingTitle</textcolor>
				<visible>Skin.HasSetting(ShowMusicTime)</visible>
			</control>
			<control type="fadelabel">
				<posx>320</posx>
				<posy>676</posy>
				<width>670</width>
				<height>8</height>
				<visible>true</visible>
				<scroll>true</scroll>
				<scrollout>false</scrollout>
				<scrollspeed>1000</scrollspeed>
				<pauseatend>10000</pauseatend>
				<label>[COLOR=NowPlayingTitle]$LOCALIZE[209]:[/COLOR] $INFO[MusicPlayer.offset(1).Artist,,: ]$INFO[MusicPlayer.offset(1).Title]</label>
				<font>METF_DialogSmall</font>
				<textcolor>50FFFFFF</textcolor>
				<align>center</align>
			</control>
			<!-- Small Tags -->
			<control type="group">
				<visible>!Skin.HasSetting(HideVisClock) | Skin.HasSetting(SlimMusicInfo)</visible>
				<control type="image">
					<posx>10</posx>
					<posy>680</posy>
					<description>Codec Image</description>
					<width>67</width>  <!-- 160x80 -->
					<height>30</height>
					<aspectratio>keep</aspectratio>
					<texture fallback="flags/defaultsound.png">$INFO[MusicPlayer.Codec,flags/AudioCodec/,.png]</texture>
				</control>
				<control type="image">
					<posx>5</posx>
					<posy>675</posy>
					<width>77</width>
					<height>40</height>
					<colordiffuse>MediaFlagBoxDiffuse</colordiffuse>
					<texture>flags/flag_frame.png</texture>
				</control>
				<control type="image">
					<posx>85</posx>
					<posy>680</posy>
					<width>60</width>
					<height>30</height>
					<aspectratio>keep</aspectratio>
					<texture fallback="flags/AudioChannels/DefaultChannels.png">$INFO[MusicPlayer.Channels,flags/AudioChannels/,ch.png]</texture>
				</control>
				<control type="image">
					<posx>75</posx>
					<posy>675</posy>
					<width>80</width>
					<height>40</height>
					<colordiffuse>MediaFlagBoxDiffuse</colordiffuse>
					<texture>flags/flag_frame.png</texture>
				</control>
				<control type="image">
					<posx>158</posx>
					<posy>680</posy>
					<width>60</width>
					<height>30</height>
					<aspectratio>keep</aspectratio>
					<texture fallback="flags/default-studio.png">$VAR[Player_RecordLabel_Icons]</texture>
				</control>
				<control type="image">
					<posx>148</posx>
					<posy>675</posy>
					<width>80</width>
					<height>40</height>
					<colordiffuse>MediaFlagBoxDiffuse</colordiffuse>
					<texture>flags/flag_frame.png</texture>
				</control>
				<control type="image">
					<posx>233</posx>
					<posy>685</posy>
					<width>88</width>
					<height>22</height>
					<colordiffuse>OSDProgressBar</colordiffuse>
					<texture fallback="flags/Rating10/rating0.png">$INFO[MusicPlayer.UserRating,flags/Rating10/rating,.png]</texture>
				</control>
				<control type="image">
					<posx>218</posx>
					<posy>675</posy>
					<width>118</width>
					<height>40</height>
					<texture>flags/flag_frame.png</texture>
					<colordiffuse>MediaFlagBoxDiffuse</colordiffuse>
				</control>
			</control>
			<!-- Large Tags -->
			<control type="group">
				<visible>Skin.HasSetting(HideVisClock) + !Skin.HasSetting(SlimMusicInfo)</visible>
				<control type="image">
					<posx>1055</posx>
					<posy>495</posy>
					<width>150</width>
					<height>70</height>
					<aspectratio>keep</aspectratio>
					<texture fallback="flags/default-studio.png">$VAR[Player_RecordLabel_Icons]</texture>
				</control>
				<control type="image">
					<posx>1045</posx>
					<posy>480</posy>
					<width>170</width>
					<height>100</height>
					<colordiffuse>MediaFlagBoxDiffuse</colordiffuse>
					<texture>flags/flag_frame.png</texture>
				</control>
				<control type="image">
					<posx>1035</posx>
					<posy>587</posy>
					<description>Codec Image</description>
					<width>88</width>
					<height>55</height>
					<aspectratio>keep</aspectratio>
					<texture fallback="flags/defaultsound.png">$INFO[MusicPlayer.Codec,flags/AudioCodec/,.png]</texture>
				</control>
				<control type="image">
					<posx>1030</posx>
					<posy>585</posy>
					<width>97</width>
					<height>60</height>
					<colordiffuse>MediaFlagBoxDiffuse</colordiffuse>
					<texture>flags/flag_frame.png</texture>
				</control>
				<control type="image">
					<posx>1135</posx>
					<posy>587</posy>
					<width>88</width>
					<height>55</height>
					<aspectratio>keep</aspectratio>
					<texture fallback="flags/AudioChannels/DefaultChannels.png">$INFO[MusicPlayer.Channels,flags/AudioChannels/,ch.png]</texture>
				</control>
				<control type="image">
					<posx>1128</posx>
					<posy>585</posy>
					<width>104</width>
					<height>60</height>
					<colordiffuse>MediaFlagBoxDiffuse</colordiffuse>
					<texture>flags/flag_frame.png</texture>
				</control>
				<control type="image">
					<posx>1045</posx>
					<posy>653</posy>
					<width>170</width>
					<height>55</height>
					<colordiffuse>OSDProgressBar</colordiffuse>
					<texture fallback="flags/Rating10/rating0.png">$INFO[MusicPlayer.UserRating,flags/Rating10/rating,.png]</texture>
				</control>
				<control type="image">
					<posx>1022</posx>
					<posy>650</posy>
					<width>217</width>
					<height>60</height>
					<texture>flags/flag_frame.png</texture>
					<colordiffuse>MediaFlagBoxDiffuse</colordiffuse>
				</control>
			</control>
			<include>Global_Weather</include>
			<include>Global_Time</include>
		</control>
	</controls>
</window>
