<?xml version="1.0" encoding="UTF-8"?>
<includes>
	<include name="Viewtype_Poster_Large_Fixed">
		<control type="group">
			<visible>Control.IsVisible(552)</visible>
			<!-- Browser -->
			<control type="fixedlist" id="552">
				<viewtype label="31479">bigwrap</viewtype>
				<onleft>552</onleft>
				<onright>552</onright>
				<visible>!Skin.HasSetting(NoViewPosterLargeFixed)</visible>
				<include>PosterLargeViewCommon_Browser</include>
			</control>
			<include>PosterLargeViewCommon_Details</include>
			<include>ScrollBar_Horizontal</include>
		</control>
	</include>
</includes>
