<?xml version="1.0" encoding="UTF-8"?>
<includes>
	<include name="Viewtype_Landscape">
		<control type="group">
			<visible>Control.IsVisible(52)</visible>
			<!-- Browser -->
			<control type="fixedlist" id="52">
				<posx>-105</posx>
				<posy>240</posy>
				<height>500</height>
				<width>1400</width>
				<include condition="!Skin.HasSetting(ViewLockdown)">OnUp7000</include>
				<ondown>60</ondown>
				<onleft>52</onleft>
				<onright>52</onright>
				<viewtype label="31291">icon</viewtype>
				<orientation>horizontal</orientation>
				<focusposition>2</focusposition>
				<scrolltime>200</scrolltime>
				<preloaditems>2</preloaditems>
				<pagecontrol>60</pagecontrol>
				<include>Animation_FadedByMenu</include>
				<include>Animation_OpenCloseFade</include>
				<include>Animation_HiddenByInfo</include>
				<visible>!Skin.HasSetting(NoViewLandscape)</visible>
				<visible>Window.IsActive(videos) + [Container.Content(movies) | Container.Content(sets) | Container.Content(tvshows) | Container.Content(episodes)]</visible>
				<itemlayout width="284" height="234">
					<control type="image">
						<posx>4</posx>
						<posy>40</posy>
						<width>272</width>
						<height>152</height>
						<texture>frames/landscapematteNF.png</texture>
						<colordiffuse>FrameBackgroundDiffuse</colordiffuse>
						<visible>!String.IsEmpty(ListItem.Title)</visible>
					</control>
					<control type="image">
						<posx>4</posx>
						<posy>40</posy>
						<width>272</width>
						<height>152</height>
						<texture background="true" diffuse="frames/landscapematteNF.png">$INFO[ListItem.Icon]</texture>
						<fadetime>200</fadetime>
						<colordiffuse>LandscapeDiffuse</colordiffuse>
						<aspectratio scalediffuse="false">keep</aspectratio>
						<visible>String.IsEmpty(ListItem.Title)</visible>
					</control>
					<control type="image">
						<posx>4</posx>
						<posy>40</posy>
						<width>272</width>
						<height>152</height>
						<texture background="true" diffuse="frames/landscapematteNF.png">$INFO[ListItem.Icon]</texture>
						<fadetime>200</fadetime>
						<colordiffuse>LandscapeDiffuse</colordiffuse>
						<aspectratio scalediffuse="false">scale</aspectratio>
						<visible>!String.IsEmpty(ListItem.Title) + Container.Content(episodes)</visible>
					</control>
					<control type="image">
						<posx>4</posx>
						<posy>40</posy>
						<width>272</width>
						<height>152</height>
						<texture background="true" diffuse="frames/landscapematteNF.png">$VAR[LandscapeFanart]</texture>
						<fadetime>200</fadetime>
						<colordiffuse>LandscapeDiffuse</colordiffuse>
						<aspectratio scalediffuse="false">stretch</aspectratio>
						<visible>!String.IsEmpty(ListItem.Title) + Container.Content(tvshows)</visible>
					</control>
					<control type="image">
						<posx>4</posx>
						<posy>40</posy>
						<width>272</width>
						<height>152</height>
						<texture background="true" fallback="home_art/movies.jpg" diffuse="frames/landscapematteNF.png">$VAR[LandscapeFanart]</texture>
						<fadetime>200</fadetime>
						<colordiffuse>LandscapeDiffuse</colordiffuse>
						<aspectratio scalediffuse="false">stretch</aspectratio>
						<visible>!String.IsEmpty(ListItem.Title) + [Container.Content(movies) | Container.Content(sets)]</visible>
					</control>
					<control type="image">
						<posx>2</posx>
						<posy>38</posy>
						<width>276</width>
						<height>156</height>
						<texture>frames/landscapeframeNF.png</texture>
					</control>
					<control type="image">
						<posx>245</posx>
						<posy>162</posy>
						<width>24</width>
						<height>24</height>
						<texture>$INFO[ListItem.Overlay]</texture>
						<colordiffuse>WatchedOverlay</colordiffuse>
						<visible>!ListItem.IsResumable + [[[Container.Content(movies) | Container.Content(sets)] + !Skin.HasSetting(HideMovieWatchedOverlays)] | [![Container.Content(movies) | Container.Content(sets)] + !Skin.HasSetting(HideTVWatchedOverlays)]]</visible>
					</control>
					<!-- Watched Overlay for In-Progress Items -->
					<control type="image">
						<posx>241</posx>
						<posy>158</posy>
						<width>35</width>
						<height>35</height>
						<texture>flags/Progress/$INFO[ListItem.PercentPlayed].png</texture>
						<colordiffuse>WatchedOverlay</colordiffuse>
						<visible>ListItem.IsResumable + [[[Container.Content(movies) | Container.Content(sets)] + !Skin.HasSetting(HideMovieWatchedOverlays)] | [![Container.Content(movies) | Container.Content(sets)] + !Skin.HasSetting(HideTVWatchedOverlays)]]</visible>
					</control>
				</itemlayout>
				<focusedlayout width="360" height="260">
					<control type="image">
						<posx>18</posx>
						<posy>20</posy>
						<width>320</width>
						<height>180</height>
						<texture>frames/ClassicFrame_Background.png</texture>
						<colordiffuse>FrameBackgroundDiffuse</colordiffuse>
						<visible>!String.IsEmpty(ListItem.Title)</visible>
					</control>
					<control type="image">
						<posx>18</posx>
						<posy>20</posy>
						<width>320</width>
						<height>180</height>
						<texture background="true">$INFO[ListItem.Icon]</texture>
						<fadetime>200</fadetime>
						<aspectratio scalediffuse="false">keep</aspectratio>
						<animation type="Focus" reversible="false">
							<effect type="zoom" center="auto" start="70" end="100" time="300" tween="back" easing="out" />
						</animation>
						<visible>String.IsEmpty(ListItem.Title)</visible>
					</control>
					<control type="image">
						<posx>18</posx>
						<posy>20</posy>
						<width>320</width>
						<height>180</height>
						<texture background="true">$INFO[ListItem.Icon]</texture>
						<fadetime>200</fadetime>
						<aspectratio scalediffuse="false">scale</aspectratio>
						<animation type="Focus" reversible="false">
							<effect type="zoom" center="auto" start="70" end="100" time="300" tween="back" easing="out" />
						</animation>
						<visible>!String.IsEmpty(ListItem.Title) + Container.Content(episodes)</visible>
					</control>
					<control type="image">
						<posx>18</posx>
						<posy>20</posy>
						<width>320</width>
						<height>180</height>
						<texture background="true">$VAR[LandscapeFanart]</texture>
						<fadetime>200</fadetime>
						<aspectratio scalediffuse="false">stretch</aspectratio>
						<animation type="Focus" reversible="false">
							<effect type="zoom" center="auto" start="70" end="100" time="300" tween="back" easing="out" />
						</animation>
						<visible>!String.IsEmpty(ListItem.Title) + Container.Content(tvshows)</visible>
					</control>
					<control type="image">
						<posx>18</posx>
						<posy>20</posy>
						<width>320</width>
						<height>180</height>
						<texture background="true" fallback="home_art/movies.jpg">$VAR[LandscapeFanart]</texture>
						<fadetime>200</fadetime>
						<aspectratio scalediffuse="false">stretch</aspectratio>
						<animation type="Focus" reversible="false">
							<effect type="zoom" center="auto" start="70" end="100" time="300" tween="back" easing="out" />
						</animation>
						<visible>!String.IsEmpty(ListItem.Title) + [Container.Content(movies) | Container.Content(sets)]</visible>
					</control>
					<control type="image">
						<posx>2</posx>
						<posy>2</posy>
						<width>354</width>
						<height>218</height>
						<texture background="true">frames/ClassicFrame_FanartSmall.png</texture>
						<visible>!String.IsEmpty(ListItem.Title)</visible>
						<animation type="Focus" reversible="false">
							<effect type="zoom" center="auto" start="70" end="100" time="300" tween="back" easing="out" />
							<effect type="fade" start="50" end="100" time="300" />
						</animation>
					</control>
					<control type="image">
						<posx>305</posx>
						<posy>166</posy>
						<width>24</width>
						<height>24</height>
						<texture>$INFO[ListItem.Overlay]</texture>
						<colordiffuse>WatchedOverlay</colordiffuse>
						<animation type="Focus" reversible="false">
							<effect type="zoom" center="152,92" start="70" end="100" time="300" tween="back" easing="out" />
							<effect type="fade" start="50" end="100" time="300" />
						</animation>
						<visible>!ListItem.IsResumable + [[[Container.Content(movies) | Container.Content(sets)] + !Skin.HasSetting(HideMovieWatchedOverlays)] | [![Container.Content(movies) | Container.Content(sets)] + !Skin.HasSetting(HideTVWatchedOverlays)]]</visible>
					</control>
					<!-- Watched Overlay for In-Progress Items -->
					<control type="image">
						<posx>301</posx>
						<posy>163</posy>
						<width>35</width>
						<height>35</height>
						<texture>flags/Progress/$INFO[ListItem.PercentPlayed].png</texture>
						<colordiffuse>WatchedOverlay</colordiffuse>
						<animation type="Focus" reversible="false">
							<effect type="zoom" center="152,92" start="70" end="100" time="300" tween="back" easing="out" />
							<effect type="fade" start="50" end="100" time="300" />
						</animation>
						<visible>ListItem.IsResumable + [[[Container.Content(movies) | Container.Content(sets)] + !Skin.HasSetting(HideMovieWatchedOverlays)] | [![Container.Content(movies) | Container.Content(sets)] + !Skin.HasSetting(HideTVWatchedOverlays)]]</visible>
					</control>
				</focusedlayout>
			</control>
			<!-- Title -->
			<control type="label">
				<posx>40</posx>
				<posy>472</posy>
				<width>1200</width>
				<height>40</height>
				<align>center</align>
				<font>METF_TitleTextLarge</font>
				<textcolor>TitleText</textcolor>
				<label>$VAR[ListItemTitle]</label>
				<include>Animation_OpenCloseFade</include>
				<include>Animation_FadedByMenu</include>
				<include>Animation_HiddenByInfo</include>
				<visible>Window.IsActive(videos) + [Container.Content(movies) | Container.Content(sets) | Container.Content(tvshows) | Container.Content(episodes)]</visible>
			</control>
			<!-- Details -->
			<control type="grouplist">
				<posx>40</posx>
				<posy>505</posy>
				<width>1200</width>
				<height>30</height>
				<align>center</align>
				<itemgap>10</itemgap>
				<orientation>horizontal</orientation>
				<include>Animation_OpenCloseFade</include>
				<include>Animation_FadedByMenu</include>
				<include>Animation_HiddenByInfo</include>
				<include>ViewDetailsGenreYearDurEpsUnwatched</include>
				<visible>Window.IsActive(videos) + [Container.Content(movies) | Container.Content(tvshows) | Container.Content(episodes)]</visible>
				<include>VisibleIfNotMovieSet</include>
			</control>
			<control type="label">
				<posx>240</posx>
				<posy>503</posy>
				<width>800</width>
				<height>30</height>
				<align>center</align>
				<aligny>center</aligny>
				<font>METF_MediaDetailsSmall</font>
				<textcolor>MediaDetailsGenre</textcolor>
				<label>$LOCALIZE[31313]</label>
				<include>Animation_FadedByMenu</include>
				<include>Animation_HiddenByInfo</include>
				<include>Animation_OpenCloseFade</include>
				<include>VisibleIfMovieSet</include>
			</control>
			<include>ScrollBar_Horizontal</include>
		</control>
	</include>
</includes>
