<addon id="repository.emad" name="EMAD Repository" version="2021.10.29" provider-name="EMAD MAHDI">
	<extension point="xbmc.addon.repository" name="EMAD Repository">
		<dir minversion="19.0.0">
			<info compressed="false">http://kodirepo.uk.to/ADDONS19/addons19.xml</info>
			<checksum>http://kodirepo.uk.to/ADDONS19/addons19.xml.md5</checksum>
			<datadir zip="true">http://kodirepo.uk.to/ADDONS19/</datadir>
		</dir>
		<dir minversion="18.0.0">
			<info compressed="false">http://kodirepo.uk.to/ADDONS18/addons18.xml</info>
			<checksum>http://kodirepo.uk.to/ADDONS18/addons18.xml.md5</checksum>
			<datadir zip="true">http://kodirepo.uk.to/ADDONS18/</datadir>
		</dir>
		<dir>
			<info compressed="false">http://kodirepo.uk.to/ADDONS/addons.xml</info>
			<checksum>http://kodirepo.uk.to/ADDONS/addons.xml.md5</checksum>
			<datadir zip="true">http://kodirepo.uk.to/ADDONS/</datadir>
		</dir>
	</extension>
	<extension point="xbmc.addon.metadata">
		<summary lang="en">Install Add-ons from EMAD</summary>
		<description lang="en">Download and install add-ons from EMAD</description>
		<platform>all</platform>
	</extension>
</addon>
