<?xml version="1.0" encoding="UTF-8"?>
<window>
	<defaultcontrol>3</defaultcontrol>
	<include>Animation_OpenCloseFade</include>
	<controls>
		<control type="group">
			<width>1280</width>
			<height>720</height>

			<control type="image">
				<posx>0</posx>
				<posy>0</posy>
				<width>1280</width>
				<height>720</height>
				<texture background="true">frames/Menu_Glass2c.png</texture>
				<colordiffuse>BackgroundColor</colordiffuse>
			</control>

			<control type="group">
				<width>1820</width>
				<height>690</height>
				<control type="label" id="2">
					<description>Window Title</description>
					<left>470</left>
					<top>30</top>
					<right>100</right>
					<height>70</height>
					<font>METF_TitleTextMedium</font>
					<label>$LOCALIZE[35058]</label>
					<aligny>center</aligny>
					<textcolor>GlobalHeading</textcolor>
					<shadowcolor>black</shadowcolor>
				</control>
			</control>

			<!-- controller selection column -->
			<control type="group">
				<left>65</left>
				<width>300</width>
				<top>90</top>
				<height>590</height>

				<control type="label">
					<description>Controller profiles grouplist heading</description>
					<top>0</top>
					<left>0</left>
					<width>300</width>
					<height>25</height>
					<font>METF_TitleTextMedium</font>
					<label>$LOCALIZE[35050]</label>
					<align>center</align>
					<aligny>center</aligny>
					<textcolor>GlobalHeading</textcolor>
				</control>

				<control type="grouplist" id="3">
					<description>Controller profiles grouplist</description>
					<top>30</top>
					<left>0</left>
					<width>300</width>
					<height>520</height>
					<onleft>9001</onleft>
					<onright>5</onright>
					<onup>3</onup>
					<ondown>3</ondown>
				</control>

				<control type="button" id="10">
					<description>Default controller button</description>
					<height>30</height>
					<width>300</width>
					<align>center</align>
					<aligny>center</aligny>
					<font>METF_ContextValue</font>
					<textcolor>DialogDropdownColor</textcolor>
					<shadowcolor>black</shadowcolor>
					<texturefocus colordiffuse="FocusBar">ButtonFO2Wide.png</texturefocus>
					<texturenofocus />
				</control>
			</control>

			<!-- Game controller image -->
			<control type="gamecontroller" id="31">
				<left>400</left>
				<top>140</top>
				<width>480</width>
				<height>480</height>
			</control>

			<!-- button selection column -->
			<control type="group">
				<left>900</left>
				<width>300</width>
				<top>90</top>
				<height>590</height>
				<control type="label">
					<description>Feature list heading</description>
					<top>0</top>
					<left>0</left>
					<width>300</width>
					<height>25</height>
					<font>METF_TitleTextMedium</font>
					<label>$LOCALIZE[35059]</label>
					<align>center</align>
					<aligny>center</aligny>
					<textcolor>GlobalHeading</textcolor>
				</control>
				<control type="grouplist" id="5">
					<description>Features grouplist</description>
					<top>30</top>
					<left>0</left>
					<width>300</width>
					<height>520</height>
					<onleft>3</onleft>
					<onright>998</onright>
					<onup>5</onup>
					<ondown>5</ondown>
					<pagecontrol>998</pagecontrol>
				</control>
				<control type="button" id="7">
					<description>Default feature button</description>
					<height>30</height>
					<width>300</width>
					<align>center</align>
					<aligny>center</aligny>
					<font>METF_ContextValue</font>
					<textcolor>DialogDropdownColor</textcolor>
					<shadowcolor>black</shadowcolor>
					<texturefocus colordiffuse="FocusBar">ButtonFO2Wide.png</texturefocus>
					<texturenofocus />
				</control>
				<control type="label" id="8">
					<description>Feature group title</description>
					<top>0</top>
					<left>0</left>
					<height>30</height>
					<align>center</align>
					<aligny>center</aligny>
					<font>METF_TitleTextMedium</font>
					<textcolor>grey</textcolor>
					<shadowcolor>black</shadowcolor>
				</control>
			</control>

			<control type="image" id="9">
				<description>Feature separator image</description>
				<height>1</height>
				<texture colordiffuse="AAAAAAAA" border="1">FocusLine.png</texture>
			</control>

			<!-- Scroll Bar -->
			<control type="scrollbar" id="998">
				<include>Animation_OpenCloseFade</include>
				<include>Animation_FadedByMenu</include>
				<posx>365</posx>
				<posy>128</posy>
				<width>22</width>
				<height>376</height>
				<visible allowhiddenfocus="true">Control.HasFocus(998) | Container.Scrolling</visible>
				<texturesliderbackground></texturesliderbackground>
				<textureslidernib>ScrollbarVnibFO.png</textureslidernib>
				<textureslidernibfocus>ScrollbarVnibFO.png</textureslidernibfocus>
				<onleft>5</onleft>
				<onright>9001</onright>
				<showonepage>true</showonepage>
				<orientation>vertical</orientation>
				<animation effect="fade" start="0" end="100" time="400" condition="Control.HasFocus(998) | Container.Scrolling">Conditional</animation>
			</control>
		</control>
	</controls>
</window>
