<?xml version="1.0" encoding="UTF-8"?>
<window>
	<defaultcontrol>7001</defaultcontrol>
	<include>Animation_FadedByMenu</include>
	<include>Animation_CommonFade</include>
	<include>Animation_OpenCloseFade</include>
	<controls>
		<!-- All views -->
		<control type="group">
			<posx>360</posx>
			<posy>0</posy>
			<!-- Audio Path -->
			<control type="fadelabel">
				<posx>-8</posx>
				<posy>489</posy>
				<width>515</width>
				<height>47</height>
				<align>left</align>
				<scroll>true</scroll>
				<scrollout>false</scrollout>
				<pauseatend>1000</pauseatend>
				<font>METF_MPAA</font>
				<textcolor>MPAADescription</textcolor>
				<label>$INFO[ListItem.FilenameAndPath]</label>
				<visible>!String.Contains(ListItem.FilenameAndPath," ") + Skin.HasSetting(ShowAudioPath)</visible>
			</control>
			<control type="textbox">
				<posx>-8</posx>
				<posy>489</posy>
				<width>515</width>
				<height>47</height>
				<align>left</align>
				<font>METF_MPAA</font>
				<textcolor>MPAADescription</textcolor>
				<label>$INFO[ListItem.FilenameAndPath]</label>
				<visible>String.Contains(ListItem.FilenameAndPath," ") + Skin.HasSetting(ShowAudioPath)</visible>
			</control>
			<!-- Album Info -->
			<control type="group">
				<visible>![String.IsEqual(ListItem.DBtype,song) | String.IsEqual(ListItem.DBtype,artist)]</visible>
				<!-- Album Title -->
				<control type="fadelabel">
					<posx>-325</posx>
					<posy>20</posy>
					<width>970</width>
					<height>30</height>
					<font>METF_TitleTextLarge</font>
					<textcolor>TitleText</textcolor>
					<info>ListItem.Album</info>
				</control>
				<!-- Album Rating -->
				<control type="image">
					<posx>-8</posx>
					<posy>495</posy>
					<width>515</width>
					<height>30</height>
					<aligny>center</aligny>
					<texture fallback="flags/Rating10/rating0.png">$INFO[ListItem.UserRating,flags/Rating10/rating,.png]</texture>
					<aspectratio align="center" aligny="center">keep</aspectratio>
					<colordiffuse>MediaFlagDiffuse</colordiffuse>
					<visible>!Skin.HasSetting(ShowAudioPath)</visible>
				</control>
				<!-- Album Year -->
				<control type="label">
					<posx>-325</posx>
					<posy>55</posy>
					<width>50</width>
					<height>36</height>
					<align>left</align>
					<aligny>center</aligny>
					<font>METF_InfoText</font>
					<textcolor>MediaDetailsInfo</textcolor>
					<label>$LOCALIZE[562]:</label>
				</control>
				<control type="label">
					<posx>-270</posx>
					<posy>55</posy>
					<width>100</width>
					<height>36</height>
					<align>left</align>
					<aligny>center</aligny>
					<font>METF_PlotText</font>
					<textcolor>TextNF</textcolor>
					<info>ListItem.Year</info>
				</control>
				<!-- Album Genre -->
				<control type="label">
					<posx>-8</posx>
					<posy>100</posy>
					<width>515</width>
					<height>30</height>
					<align>left</align>
					<font>METF_InfoText</font>
					<textcolor>MediaDetailsGenre</textcolor>
					<info>ListItem.Genre</info>
				</control>
				<!-- Album Artist -->
				<control type="label">
					<posx>-325</posx>
					<posy>405</posy>
					<width>275</width>
					<font>METF_InfoText</font>
					<textcolor>MediaDetailsInfo</textcolor>
					<align>center</align>
					<label>$LOCALIZE[557]</label>
				</control>
				<control type="textbox">
					<posx>-325</posx>
					<posy>425</posy>
					<width>275</width>
					<height>50</height>
					<align>center</align>
					<font>METF_InfoText</font>
					<textcolor>TextNF</textcolor>
					<label>$INFO[ListItem.Artist]</label>
				</control>
				<!-- Album Studio -->
				<control type="label">
					<posx>-325</posx>
					<posy>475</posy>
					<width>275</width>
					<font>METF_InfoText</font>
					<textcolor>MediaDetailsInfo</textcolor>
					<align>center</align>
					<label>$LOCALIZE[21899]</label>
				</control>
				<control type="textbox">
					<posx>-325</posx>
					<posy>495</posy>
					<width>275</width>
					<height>50</height>
					<align>center</align>
					<font>METF_InfoText</font>
					<textcolor>TextNF</textcolor>
					<label>$INFO[ListItem.Property(Album_Label)]</label>
				</control>
				<!-- Album Styles -->
				<control type="label">
					<posx>550</posx>
					<posy>290</posy>
					<width>340</width>
					<font>METF_InfoText</font>
					<textcolor>MediaDetailsInfo</textcolor>
					<align>center</align>
					<label>$LOCALIZE[176]</label>
				</control>
				<control type="textbox">
					<posx>550</posx>
					<posy>315</posy>
					<height>74</height>
					<width>340</width>
					<align>center</align>
					<font>METF_PlotText</font>
					<textcolor>TextNF</textcolor>
					<label>$INFO[ListItem.Property(Album_Style)]</label>
					<include condition="!Skin.HasSetting(AutoScrollFast)">AutoScrollShort</include>
					<include condition="Skin.HasSetting(AutoScrollFast)">AutoScrollShortFast</include>
				</control>
				<!-- Album Moods -->
				<control type="label">
					<posx>550</posx>
					<posy>400</posy>
					<width>340</width>
					<font>METF_InfoText</font>
					<textcolor>MediaDetailsInfo</textcolor>
					<align>center</align>
					<label>$LOCALIZE[175]</label>
				</control>
				<control type="textbox">
					<posx>550</posx>
					<posy>426</posy>
					<height>96</height>
					<width>340</width>
					<align>center</align>
					<font>METF_PlotText</font>
					<textcolor>TextNF</textcolor>
					<label>$INFO[ListItem.Property(Album_Mood)]</label>
					<include condition="!Skin.HasSetting(AutoScrollFast)">AutoScrollShort</include>
					<include condition="Skin.HasSetting(AutoScrollFast)">AutoScrollShortFast</include>
				</control>
				<!-- Album Description -->
				<control type="textbox">
					<posx>-8</posx>
					<posy>138</posy>
					<width>515</width>
					<height>339</height>
					<font>METF_PlotText</font>
					<textcolor>TextNF</textcolor>
					<align>justify</align>
					<label>$INFO[ListItem.Property(Album_Description)]</label>
					<include condition="!Skin.HasSetting(AutoScrollFast)">AutoScrollLong</include>
					<include condition="Skin.HasSetting(AutoScrollFast)">AutoScrollLongFast</include>
					<visible>!Control.IsVisible(50)</visible>
				</control>
			</control>

			<!-- Song info -->
			<control type="group">
				<visible>String.IsEqual(ListItem.DBtype,song)</visible>
				<!-- Song Title -->
				<control type="fadelabel">
					<posx>-325</posx>
					<posy>20</posy>
					<width>970</width>
					<height>30</height>
					<font>METF_TitleTextLarge</font>
					<textcolor>TitleText</textcolor>
					<info>ListItem.Title</info>
				</control>
				<!-- Song Rating -->
				<control type="image">
					<posx>-8</posx>
					<posy>495</posy>
					<width>515</width>
					<height>30</height>
					<aligny>center</aligny>
					<texture fallback="flags/Rating10/rating0.png">$INFO[ListItem.UserRating,flags/Rating10/rating,.png]</texture>
					<aspectratio align="center" aligny="center">keep</aspectratio>
					<colordiffuse>MediaFlagDiffuse</colordiffuse>
					<visible>!Skin.HasSetting(ShowAudioPath)</visible>
				</control>
				<!-- Song Artist -->
				<control type="label">
					<posx>-325</posx>
					<posy>55</posy>
					<width>100</width>
					<height>36</height>
					<align>left</align>
					<aligny>center</aligny>
					<font>METF_InfoText</font>
					<textcolor>MediaDetailsInfo</textcolor>
					<label>[UPPERCASE]$LOCALIZE[557]:[/UPPERCASE]</label>
				</control>
				<control type="label">
					<posx>-250</posx>
					<posy>55</posy>
					<width>400</width>
					<height>36</height>
					<align>left</align>
					<aligny>center</aligny>
					<font>METF_PlotText</font>
					<textcolor>TextNF</textcolor>
					<label>$INFO[ListItem.Artist]</label>
				</control>
				<!-- Song Path -->
				<control type="textbox">
					<posx>-8</posx>
					<posy>100</posy>
					<width>515</width>
					<height>25</height>
					<align>left</align>
					<font>METF_InfoText</font>
					<textcolor>MediaDetailsGenre</textcolor>
					<include condition="!Skin.HasSetting(AutoScrollFast)">AutoScrollShort</include>
					<include condition="Skin.HasSetting(AutoScrollFast)">AutoScrollShortFast</include>
					<info>ListItem.FileNameAndPath</info>
				</control>
				<!-- Song Year -->
				<control type="label">
					<posx>-325</posx>
					<posy>405</posy>
					<width>275</width>
					<font>METF_InfoText</font>
					<textcolor>MediaDetailsInfo</textcolor>
					<align>center</align>
					<label>[UPPERCASE]$LOCALIZE[562]:[/UPPERCASE]</label>
				</control>
				<control type="textbox">
					<posx>-325</posx>
					<posy>425</posy>
					<width>275</width>
					<height>50</height>
					<align>center</align>
					<font>METF_InfoText</font>
					<textcolor>TextNF</textcolor>
					<label>$INFO[ListItem.Year]</label>
				</control>
				<!-- Song Album -->
				<control type="label">
					<posx>-325</posx>
					<posy>475</posy>
					<width>275</width>
					<font>METF_InfoText</font>
					<textcolor>MediaDetailsInfo</textcolor>
					<align>center</align>
					<label>[UPPERCASE]$LOCALIZE[558]:[/UPPERCASE]</label>
				</control>
				<control type="textbox">
					<posx>-325</posx>
					<posy>495</posy>
					<width>275</width>
					<height>50</height>
					<align>center</align>
					<font>METF_InfoText</font>
					<textcolor>TextNF</textcolor>
					<label>$INFO[ListItem.Album]</label>
				</control>
				<!-- Song Genre -->
				<control type="label">
					<posx>550</posx>
					<posy>290</posy>
					<width>340</width>
					<font>METF_InfoText</font>
					<textcolor>MediaDetailsInfo</textcolor>
					<align>center</align>
					<label>[UPPERCASE]$LOCALIZE[515]:[/UPPERCASE]</label>
				</control>
				<control type="textbox">
					<posx>550</posx>
					<posy>315</posy>
					<height>74</height>
					<width>340</width>
					<align>center</align>
					<font>METF_PlotText</font>
					<textcolor>TextNF</textcolor>
					<label>$INFO[ListItem.Genre]</label>
					<include condition="!Skin.HasSetting(AutoScrollFast)">AutoScrollShort</include>
					<include condition="Skin.HasSetting(AutoScrollFast)">AutoScrollShortFast</include>
				</control>
				<!-- Song Moods -->
				<control type="label">
					<posx>550</posx>
					<posy>400</posy>
					<width>340</width>
					<font>METF_InfoText</font>
					<textcolor>MediaDetailsInfo</textcolor>
					<align>center</align>
					<label>$LOCALIZE[175]</label>
				</control>
				<control type="textbox">
					<posx>550</posx>
					<posy>426</posy>
					<height>96</height>
					<width>340</width>
					<align>center</align>
					<font>METF_PlotText</font>
					<textcolor>TextNF</textcolor>
					<label>$INFO[ListItem.Mood]</label>
					<include condition="!Skin.HasSetting(AutoScrollFast)">AutoScrollShort</include>
					<include condition="Skin.HasSetting(AutoScrollFast)">AutoScrollShortFast</include>
				</control>
				<!-- Song Comments -->
				<control type="textbox">
					<posx>-8</posx>
					<posy>138</posy>
					<width>515</width>
					<height>339</height>
					<font>METF_PlotText</font>
					<textcolor>TextNF</textcolor>
					<align>justify</align>
					<label>$INFO[ListItem.Comment]</label>
					<include condition="!Skin.HasSetting(AutoScrollFast)">AutoScrollLong</include>
					<include condition="Skin.HasSetting(AutoScrollFast)">AutoScrollLongFast</include>
					<visible>!Control.IsVisible(50)</visible>
				</control>
			</control>

			<!-- Artist Info -->
			<control type="group">
				<visible>String.IsEqual(ListItem.DBtype,artist)</visible>
				<!-- Artist Title -->
				<control type="fadelabel">
					<posx>-325</posx>
					<posy>20</posy>
					<width>970</width>
					<height>30</height>
					<font>METF_TitleTextLarge</font>
					<textcolor>TitleText</textcolor>
					<info>ListItem.Artist</info>
				</control>
				<!-- Artist Rating -->
				<control type="image">
					<posx>-8</posx>
					<posy>495</posy>
					<width>515</width>
					<height>30</height>
					<aligny>center</aligny>
					<texture fallback="flags/Rating10/rating0.png">$INFO[ListItem.UserRating,flags/Rating10/rating,.png]</texture>
					<aspectratio align="center" aligny="center">keep</aspectratio>
					<colordiffuse>MediaFlagDiffuse</colordiffuse>
					<visible>!Skin.HasSetting(ShowAudioPath)</visible>
				</control>
				<!-- Artist Years Active -->
				<control type="label">
					<posx>-325</posx>
					<posy>55</posy>
					<width>118</width>
					<height>36</height>
					<align>left</align>
					<aligny>center</aligny>
					<font>METF_InfoText</font>
					<textcolor>MediaDetailsInfo</textcolor>
					<label>$LOCALIZE[21898]:</label>
				</control>
				<control type="label">
					<posx>-197</posx>
					<posy>55</posy>
					<width>600</width>
					<height>36</height>
					<align>left</align>
					<aligny>center</aligny>
					<font>METF_PlotText</font>
					<textcolor>TextNF</textcolor>
					<label>$INFO[ListItem.Property(Artist_YearsActive)]</label>
				</control>
				<!-- Artist Genre -->
				<control type="label">
					<posx>-8</posx>
					<posy>100</posy>
					<width>515</width>
					<height>30</height>
					<align>left</align>
					<font>METF_InfoText</font>
					<textcolor>MediaDetailsGenre</textcolor>
					<info>ListItem.Property(Artist_Genre)</info>
				</control>
				<!-- Artist Formed -->
				<control type="label">
					<posx>-325</posx>
					<posy>405</posy>
					<width>275</width>
					<font>METF_InfoText</font>
					<textcolor>MediaDetailsInfo</textcolor>
					<align>center</align>
					<label>$LOCALIZE[21894]</label>
				</control>
				<control type="textbox">
					<posx>-325</posx>
					<posy>425</posy>
					<width>275</width>
					<height>50</height>
					<align>center</align>
					<font>METF_InfoText</font>
					<textcolor>TextNF</textcolor>
					<label>$INFO[ListItem.Property(Artist_Formed)]</label>
				</control>
				<!-- Artist Disbanded -->
				<control type="label">
					<posx>-325</posx>
					<posy>475</posy>
					<width>275</width>
					<font>METF_InfoText</font>
					<textcolor>MediaDetailsInfo</textcolor>
					<align>center</align>
					<label>$LOCALIZE[21896]</label>
				</control>
				<control type="textbox">
					<posx>-325</posx>
					<posy>495</posy>
					<width>275</width>
					<height>50</height>
					<align>center</align>
					<font>METF_InfoText</font>
					<textcolor>TextNF</textcolor>
					<label>$INFO[ListItem.Property(Artist_Disbanded)]</label>
				</control>
				<!-- Artist Styles -->
				<control type="label">
					<posx>550</posx>
					<posy>290</posy>
					<width>340</width>
					<font>METF_InfoText</font>
					<textcolor>MediaDetailsInfo</textcolor>
					<align>center</align>
					<label>$LOCALIZE[176]</label>
				</control>
				<control type="textbox">
					<posx>550</posx>
					<posy>316</posy>
					<height>74</height>
					<width>340</width>
					<align>center</align>
					<font>METF_PlotText</font>
					<textcolor>TextNF</textcolor>
					<label>$INFO[ListItem.Property(Artist_Style)]</label>
					<include condition="!Skin.HasSetting(AutoScrollFast)">AutoScrollShort</include>
					<include condition="Skin.HasSetting(AutoScrollFast)">AutoScrollShortFast</include>
				</control>
				<!-- Artist Moods -->
				<control type="label">
					<posx>550</posx>
					<posy>400</posy>
					<width>340</width>
					<font>METF_InfoText</font>
					<textcolor>MediaDetailsInfo</textcolor>
					<align>center</align>
					<label>$LOCALIZE[175]</label>
				</control>
				<control type="textbox">
					<posx>550</posx>
					<posy>426</posy>
					<height>96</height>
					<width>340</width>
					<align>center</align>
					<font>METF_PlotText</font>
					<textcolor>TextNF</textcolor>
					<label>$INFO[ListItem.Property(Artist_Mood)]</label>
					<include condition="!Skin.HasSetting(AutoScrollFast)">AutoScrollShort</include>
					<include condition="Skin.HasSetting(AutoScrollFast)">AutoScrollShortFast</include>
				</control>
				<!-- Artist Description -->
				<control type="textbox">
					<posx>-8</posx>
					<posy>138</posy>
					<width>515</width>
					<height>339</height>
					<font>METF_PlotText</font>
					<textcolor>TextNF</textcolor>
					<align>justify</align>
					<label>$INFO[ListItem.Property(Artist_Description)]</label>
					<include condition="!Skin.HasSetting(AutoScrollFast)">AutoScrollLong</include>
					<include condition="Skin.HasSetting(AutoScrollFast)">AutoScrollLongFast</include>
					<visible>!Control.IsVisible(50)</visible>
				</control>
			</control>
			<control type="panel" id="50">
				<posx>-8</posx>
				<posy>135</posy>
				<width>515</width>
				<height>340</height>
				<onleft>7001</onleft>
				<onright>7001</onright>
				<onup>50</onup>
				<ondown>50</ondown>
				<onclick condition="System.HasAddon(script.libraryeditor)">RunScript(script.libraryeditor,DBID=$INFO[ListItem.DBID]&amp;tag=Track&amp;type=Song)</onclick>
				<onclick condition="!System.HasAddon(script.libraryeditor)">noop</onclick>
				<onfocus>99</onfocus>
				<viewtype label="">list</viewtype>
				<pagecontrol></pagecontrol>
				<scrolltime>0</scrolltime>
				<orientation>vertical</orientation>
				<itemlayout height="24" width="516">
					<control type="label" id="99">
						<posx>10</posx>
						<posy>3</posy>
						<width>500</width>
						<height>24</height>
						<align>left</align>
						<aligny>center</aligny>
						<font>METF_InfoText</font>
						<textcolor>TextNF</textcolor>
						<label>$INFO[ListItem.TrackNumber,,. ]$INFO[ListItem.Label]</label>
					</control>
				</itemlayout>
				<focusedlayout height="24" width="516">
					<control type="label">
						<posx>10</posx>
						<posy>3</posy>
						<width>500</width>
						<height>24</height>
						<align>left</align>
						<aligny>center</aligny>
						<font>METF_InfoText</font>
						<textcolor>TextFO</textcolor>
						<scrollspeed>30</scrollspeed>
						<label>$INFO[ListItem.TrackNumber,,. ]$INFO[ListItem.Label]</label>
					</control>
					<control type="label">
						<posx>10</posx>
						<posy>3</posy>
						<width>500</width>
						<height>24</height>
						<align>left</align>
						<aligny>center</aligny>
						<font>METF_InfoText</font>
						<textcolor>TextFO</textcolor>
						<scrollspeed>30</scrollspeed>
						<label>$INFO[ListItem.TrackNumber,,. ]$INFO[ListItem.Label]</label>
					</control>
				</focusedlayout>
			</control>
		</control>

		<!-- Artist/Album Image -->
		<control type="group">
			<include>Animation_FadedByMenu</include>
			<include>Animation_CommonFade</include>
			<include>Animation_OpenCloseFade</include>
			<control type="image">
				<include>Animation_CommonFade</include>
				<posx>44</posx>
				<posy>116</posy>
				<width>268</width>
				<height>268</height>
				<aspectratio align="center" aligny="center">scale</aspectratio>
				<texture fallback="DefaultThumb.png">$INFO[ListItem.Icon]</texture>
			</control>
			<control type="image">
				<include>Animation_CommonFade</include>
				<posx>24</posx>
				<posy>96</posy>
				<width>308</width>
				<height>308</height>
				<aspectratio>stretch</aspectratio>
				<texture>frames/ClassicFrame_SquareMedium.png</texture>
			</control>
		</control>
		<!-- Fanart Image -->
		<control type="group">
			<include>Animation_FadedByMenu</include>
			<include>Animation_CommonFade</include>
			<include>Animation_OpenCloseFade</include>
			<control type="image">
				<posx>912</posx>
				<posy>80</posy>
				<width>320</width>
				<height>180</height>
				<texture fallback="home_art/music.jpg">$INFO[ListItem.Art(fanart)]</texture>
				<aspectratio aligny="top" scalediffuse="false">scale</aspectratio>
			</control>
			<control type="image">
				<posx>892</posx>
				<posy>62</posy>
				<width>360</width>
				<height>218</height>
				<aspectratio>stretch</aspectratio>
				<texture>frames/ClassicFrame_FanartSmall.png</texture>
			</control>
		</control>

		<!-- Control Buttons -->
		<control type="grouplist" id="7001">
			<include>Animation_FadedByMenu</include>
			<include>Animation_CommonFade</include>
			<include>Animation_OpenCloseFade</include>
			<posx>352</posx>
			<posy>555</posy>
			<width>515</width>
			<height>70</height>
			<itemgap>10</itemgap>
			<align>center</align>
			<orientation>horizontal</orientation>
			<onleft>7001</onleft>
			<onright>7001</onright>
			<onup>50</onup>
			<ondown>50</ondown>
			<!-- Play -->
			<control type="button" id="18">
				<include>VideoInfoButton</include>
				<texturenofocus>osd/osd_button_play_nf.png</texturenofocus>
				<texturefocus>osd/osd_button_play_fo.png</texturefocus>
				<include>Animation_ButtonFocus</include>
				<onclick>PlayMedia($INFO[ListItem.FileNameAndPath])</onclick>
				<visible>String.IsEqual(ListItem.DBtype,song)</visible>
			</control>
			<!-- Thumbs -->
			<control type="button" id="10">
				<include>VideoInfoButton</include>
				<texturenofocus>buttons/button_thumb.png</texturenofocus>
				<texturefocus>buttons/button_thumbFO.png</texturefocus>
				<include>Animation_ButtonFocus</include>
			</control>
			<!-- Fanart -->
			<control type="button" id="12">
				<include>VideoInfoButton</include>
				<texturenofocus>buttons/button_fanart.png</texturenofocus>
				<texturefocus>buttons/button_fanartFO.png</texturefocus>
				<include>Animation_ButtonFocus</include>
				<visible>!String.IsEqual(ListItem.DBtype,album) + !String.IsEqual(ListItem.DBtype,song)</visible>
			</control>
			<!-- Artwork Downloading Button, artwork.beef -->
			<control type="button" id="20">
				<include>VideoInfoButton</include>
				<texturenofocus>osd/osd_button_channel_previous_nf.png</texturenofocus>
				<texturefocus>osd/osd_button_channel_previous_fo.png</texturefocus>
				<onclick condition="String.IsEqual(ListItem.DBTYPE,artist)">RunScript(script.artwork.beef, mediatype=artist, dbid=$INFO[ListItem.DBID])</onclick>
				<onclick condition="String.IsEqual(ListItem.DBTYPE,album)">RunScript(script.artwork.beef, mediatype=album, dbid=$INFO[ListItem.DBID])</onclick>
				<onclick condition="String.IsEqual(ListItem.DBTYPE,song)">RunScript(script.artwork.beef, mediatype=song, dbid=$INFO[ListItem.DBID])</onclick>
				<include>Animation_ButtonFocus</include>
				<visible>System.HasAddon(script.artwork.beef) + [String.IsEqual(ListItem.DBType,artist) | String.IsEqual(ListItem.DBType,album) | String.IsEqual(ListItem.DBType,song)]</visible>
			</control>
			<!-- Set Rating -->
			<control type="button" id="7">
				<include>VideoInfoButton</include>
				<texturenofocus>buttons/button_videoextras.png</texturenofocus>
				<texturefocus>buttons/button_videoextrasFO.png</texturefocus>
				<include>Animation_ButtonFocus</include>
			</control>
		</control>
		<!-- Control Button Text -->
		<control type="group">
			<include>Animation_FadedByMenu</include>
			<include>Animation_CommonFade</include>
			<include>Animation_OpenCloseFade</include>
			<control type="label">
				<description>Play</description>
				<include>VideoInfoButtonLabel</include>
				<label>Play</label>
				<visible>ControlGroup(7001).HasFocus(18)</visible>
				<visible>String.IsEqual(ListItem.DBtype,song)</visible>
			</control>
			<control type="label">
				<description>Thumbs</description>
				<include>VideoInfoButtonLabel</include>
				<info>Control.GetLabel(10)</info>
				<visible>ControlGroup(7001).HasFocus(10)</visible>
			</control>
			<control type="label">
				<description>Fanart</description>
				<include>VideoInfoButtonLabel</include>
				<info>Control.GetLabel(12)</info>
				<visible>ControlGroup(7001).HasFocus(12)</visible>
			</control>
			<control type="label">
				<description>Refresh</description>
				<include>VideoInfoButtonLabel</include>
				<info>Control.GetLabel(6)</info>
				<visible>ControlGroup(7001).HasFocus(6)</visible>
			</control>
			<control type="label">
				<description>Set Rating</description>
				<include>VideoInfoButtonLabel</include>
				<info>Control.GetLabel(7)</info>
				<visible>ControlGroup(7001).HasFocus(7)</visible>
			</control>
			<control type="label">
				<description>Extra Artwork Downloader</description>
				<include>VideoInfoButtonLabel</include>
				<label>$INFO[System.AddonTitle(script.artwork.beef)]</label>
				<visible>ControlGroup(7001).HasFocus(20)</visible>
			</control>
		</control>
		<include>Object_InfoLines</include>
		<include>Global_ContextFilter</include>
		<include condition="Skin.HasSetting(DebugGrid)">Object_DebugGrid</include>
	</controls>
</window>
