<?xml version="1.0" encoding="UTF-8"?>
<window>
	<views>55,544,555,905,509,54,58,59,559,53,57,552,551,550,504,511,508,510,52,56,512,501</views>
	<defaultcontrol always="true">55</defaultcontrol>
	<onload condition="System.HasAddon(script.tv.show.next.aired) + Skin.HasSetting(NextAired) + [Container.Content(tvshows) | Container.Content(seasons) | Container.Content(episodes)]">RunScript(script.tv.show.next.aired,backend=True)</onload>
	<onload condition="!System.HasAddon(script.tv.show.next.aired) + Skin.HasSetting(NextAired) + [Container.Content(tvshows) | Container.Content(seasons) | Container.Content(episodes)]">InstallAddon(script.tv.show.next.aired)</onload>
	<onunload>ClearProperty(SkinHelper.ExtraFanArtPath, Home)</onunload>
	<controls>
		<include>Global_Background</include>
		<include>Global_Background_Fanart</include>
		<include>Viewtype_List</include>			<!-- 55 -->
		<include>Viewtype_EMAD_List</include>			<!-- 544 -->
		<include>Viewtype_EMAD_Gallery</include>		<!-- 555 -->
		<include>Viewtype_LowList</include>			<!-- 905 -->
		<include>Viewtype_ListFanart</include>			<!-- 509 -->
		<include>Viewtype_Poster_Fixed</include>		<!-- 53 -->
		<include>Viewtype_Poster_Wrap</include>			<!-- 57 -->
		<include>Viewtype_PosterAndFanart</include>		<!-- 550 -->
		<include>Viewtype_Poster_Large_Fixed</include>		<!-- 552 -->
		<include>Viewtype_Poster_Large_Wrap</include>		<!-- 551 -->
		<include>Viewtype_Coverflow</include>			<!-- 512 -->
		<include>Viewtype_Landscape</include>			<!-- 52 -->
		<include>Viewtype_Fanart</include>			<!-- 504 -->
		<include>Viewtype_Banner</include>			<!-- 511 -->
		<include>Viewtype_BannerPoster</include>		<!-- 510 -->
		<include>Viewtype_BannerFanart</include>		<!-- 508 -->
		<include>Viewtype_Gallery</include>			<!-- 54 -->
		<include>Viewtype_Gallery_Fanart</include>		<!-- 59 -->
		<include>Viewtype_Gallery_Square</include>		<!-- 58 -->
		<include>Viewtype_Panel_Square</include>		<!-- 559 -->
		<include>Viewtype_Logo</include>			<!-- 56 -->
		<include>Viewtype_TallGenre</include>			<!-- 501 -->
		<include>Global_ContextFilter</include>
		<include condition="!Skin.HasSetting(Hide_MediaFlags)">MediaInfo</include>
		<include condition="!Skin.HasSetting(Hide_ExtraMediaFlags)">MediaInfo2</include>
		<include>Global_VideoPlot</include>
		<include>Global_AddonInfo</include>
		<include>Global_ScrollOffsetLabel</include>
		<!-- Video Navigation Menu -->
		<control type="group">
			<include>Animation_NavMenu</include>
			<include>NavMenuBackground</include>
			<control type="grouplist" id="7000">
				<include>NavMenuCommon</include>
				<onback>55</onback>
				<onleft>55</onleft>
				<onright>55</onright>
				<include>NavMenuListCommon</include>
				<include>NavMenuListOrder</include>
				<control type="button" id="10">
					<description>Watched/Unwatched/All Toggle</description>
					<label>137</label>
					<width>340</width>
					<height>40</height>
					<align>left</align>
					<aligny>center</aligny>
					<font>METF_DialogLarge</font>
					<textoffsetx>20</textoffsetx>
					<textcolor>TextNF</textcolor>
					<focusedcolor>DialogTextFO</focusedcolor>
					<disabledcolor>TextDisabled</disabledcolor>
					<texturefocus>ButtonFO2Wide.png</texturefocus>
					<texturenofocus></texturenofocus>
					<pulseonselect>false</pulseonselect>
				</control>
				<include>NavMenuListFilter</include>
				<include>NavMenuListSearch</include>
				<control type="togglebutton" id="50">
					<description>Update Library</description>
					<width>340</width>
					<height>40</height>
					<align>left</align>
					<label>653</label>
					<altlabel>13353</altlabel>
					<textoffsetx>20</textoffsetx>
					<font>METF_DialogLarge</font>
					<textcolor>TextNF</textcolor>
					<focusedcolor>DialogTextFO</focusedcolor>
					<disabledcolor>TextDisabled</disabledcolor>
					<texturefocus>ButtonFO2Wide.png</texturefocus>
					<texturenofocus></texturenofocus>
					<alttexturenofocus border="2"></alttexturenofocus>
					<alttexturefocus border="5">ButtonFO2.png</alttexturefocus>
					<usealttexture>library.isscanningvideo</usealttexture>
					<aligny>center</aligny>
					<pulseonselect>false</pulseonselect>
					<onclick>UpdateLibrary(video)</onclick>
					<visible>!Container.Content(addons)</visible>
				</control>
				<control type="button" id="51">
					<description>Get more</description>
					<width>340</width>
					<height>40</height>
					<align>left</align>
					<aligny>center</aligny>
					<font>METF_DialogLarge</font>
					<label>21452</label>
					<textoffsetx>20</textoffsetx>
					<textcolor>TextNF</textcolor>
					<focusedcolor>DialogTextFO</focusedcolor>
					<disabledcolor>TextDisabled</disabledcolor>
					<texturefocus>ButtonFO2Wide.png</texturefocus>
					<texturenofocus></texturenofocus>
					<pulseonselect>false</pulseonselect>
					<onclick>ActivateWindow(addonbrowser, addons://more/video/, return)</onclick>
					<visible>Container.Content(addons)</visible>
				</control>
				<include>NavMenuListPartyMode</include>
				<include>NavMenuListPlaying</include>
			</control>
		</control>
		<include>Global_Weather</include>
		<include>Global_Time</include>
		<include>Global_Heading</include>
		<include>Global_MediaOverlay</include>
		<include condition="Skin.HasSetting(DebugGrid)">Object_DebugGrid</include>
	</controls>
</window>
