<?xml version="1.0" encoding="UTF-8"?>
<includes>
	<include name="Viewtype_EMAD_Gallery">
		<control type="group">
			<visible>Control.IsVisible(555)</visible>
			<!-- Browser -->
			<control type="panel" id="555">
				<viewtype label="EMAD $LOCALIZE[31414]">icon</viewtype>
				<visible>!Skin.HasSetting(NoViewEMADGallery)</visible>
				<posx>30</posx>
				<posy>50</posy>
				<width>1260</width>
				<height>470</height>
				<scrolltime>200</scrolltime>
				<orientation>vertical</orientation>
				<ondown>555</ondown>
				<onup>555</onup>
				<include condition="!Skin.HasSetting(ViewLockdown)">OnLeft7000</include>
				<AAAonright>61</AAAonright>
				<AAApagecontrol>61</AAApagecontrol>
				<preloaditems>6</preloaditems>
				<include>Animation_OpenCloseFade</include>
				<include>Animation_FadedByMenu</include>
				<include>Animation_HiddenByInfo</include>
				<visible>Window.IsActive(videos) + [Container.Content(movies) | Container.Content(sets) | Container.Content(tvshows) | Container.Content(seasons)]</visible>
				<itemlayout width="205" height="235">
					<!-- Black Background -->
					<control type="image">
						<posx>0</posx>
						<posy>0</posy>
						<width>160</width>
						<height>200</height>
						<aspectratio>stretch</aspectratio>
						<texture>frames/dialog_glass2panel.png</texture>
						<AAAtexture>pvr/pvr-focus.png</AAAtexture>
						<colordiffuse>white</colordiffuse>
						<visible>!String.IsEmpty(ListItem.Title)</visible>
					</control>
					<!-- Images Background -->
					<control type="image">
						<posx>0</posx>
						<posy>0</posy>
						<width>160</width>
						<height>192</height>
						<texture background="true">$INFO[ListItem.Icon]</texture>
						<aspectratio scalediffuse="false">stretch</aspectratio>
						<visible>String.IsEmpty(ListItem.Title)</visible>
					</control>
					<AAAcontrol type="image">
						<posx>0</posx>
						<posy>0</posy>
						<width>160</width>
						<height>200</height>
						<texture background="true" fallback="DefaultThumb.png">$VAR[PosterThumb]</texture>
						<aspectratio scalediffuse="false">stretch</aspectratio>
						<visible>!String.IsEmpty(ListItem.Title)</visible>
					</AAAcontrol>
					<AAAcontrol type="image">
						<posx>0</posx>
						<posy>0</posy>
						<width>128</width>
						<height>182</height>
						<texture>frames/ClassicFrameGlass_Vertical.png</texture>
						<aspectratio scalediffuse="false">stretch</aspectratio>
						<colordiffuse>GlassDiffuse</colordiffuse>
						<visible>!String.IsEmpty(ListItem.Title)</visible>
					</AAAcontrol>
					<!-- White Border -->
					<control type="image">
						<posx>-10</posx>
						<posy>-10</posy>
						<width>183</width>
						<height>220</height>
						<texture>frames/ClassicFrame_PosterSmall.png</texture>
						<AAAvisible>!String.IsEmpty(ListItem.Title)</AAAvisible>
					</control>
					<!-- Folders Flag -->
					<control type="image">
						<posx>116</posx>
						<posy>155</posy>
						<width>41</width>
						<height>41</height>
						<colordiffuse>lightblue</colordiffuse>
						<texture>buttons/button_layers.png</texture>
						<visible>ListItem.IsFolder + !String.IsEmpty(ListItem.Thumb)</visible>
					</control>
					<!-- Watched Overlay for Finished Items -->
					<control type="image">
						<posx>115</posx>
						<posy>158</posy>
						<width>41</width>
						<height>41</height>
						<colordiffuse>yellow</colordiffuse>
						<texture>$INFO[ListItem.Overlay]</texture>
						<visible>!ListItem.IsResumable + [[[Container.Content(movies) | Container.Content(sets)] + !Skin.HasSetting(HideMovieWatchedOverlays)] | [![Container.Content(movies) | Container.Content(sets)] + !Skin.HasSetting(HideTVWatchedOverlays)]]</visible>
					</control>
					<!-- Watched Overlay for In-Progress Items -->
					<control type="image">
						<posx>104</posx>
						<posy>144</posy>
						<width>64</width>
						<height>64</height>
						<colordiffuse>yellow</colordiffuse>
						<texture>flags/Progress/$INFO[ListItem.PercentPlayed].png</texture>
						<visible>ListItem.IsResumable + [[[Container.Content(movies) | Container.Content(sets)] + !Skin.HasSetting(HideMovieWatchedOverlays)] | [![Container.Content(movies) | Container.Content(sets)] + !Skin.HasSetting(HideTVWatchedOverlays)]]</visible>
					</control>
					<!-- Duration -->
					<control type="label">
						<posx>12</posx>
						<posy>156</posy>
						<width>108</width>
						<height>40</height>
						<scroll>true</scroll>
						<scrollspeed>1</scrollspeed>
						<font>METF_Temp</font>
						<label>$INFO[ListItem.Duration]</label>
						<textcolor>yellow</textcolor>
						<AAAvisible>Window.IsActive(videos) + ![Container.Content(tvshows) | Container.Content(seasons) | Container.Content(episodes) | Container.Content(movies)] + !String.IsEmpty(ListItem.Duration)</AAAvisible>
						<visible>!String.IsEmpty(ListItem.Duration)</visible>
					</control>
					<!-- Text Blocks -->
					<control type="textbox">
						<posx>10</posx>
						<posy>-3</posy>
						<width>140</width>
						<height>200</height>
						<align>center</align>
						<aligny>center</aligny>
						<font>METF_WeatherDayName7Day</font>
						<textcolor>White</textcolor>
						<label>$INFO[ListItem.Title]</label>
						<AAAlabel>112233445 556677</AAAlabel>
						<wrapmultiline>false</wrapmultiline>
						<visible>!String.IsEmpty(ListItem.Title)</visible>
					</control>
					<!-- Stars Rating -->
					<control type="group">
						<!-- XXX: temporarily commented out for videos until I figure out exactly how I'd like to implement this
						<visible>!Window.IsActive(videos) | [Window.IsActive(videos) + [Container.Content(movies) | Container.Content(tvshows) | Container.Content(episodes)]]</visible>
						<include>VisibleIfNotMovieSet</include>
						-->
						<AAAvisible>!Window.IsActive(videos) + !String.Contains(Container.FolderPath,plugin)</AAAvisible>
						<control type="label">
							<posx>7</posx>
							<posy>-7</posy>
							<width>50</width>
							<height>52</height>
							<align>right</align>
							<aligny>center</aligny>
							<label>$INFO[ListItem.Rating]</label>
							<font>METF_InfoText</font>
							<textcolor>yellow</textcolor>
							<visible>!String.IsEmpty(ListItem.Rating)</visible>
						</control>
						<control type="image">
							<posx>55</posx>
							<posy>4</posy>
							<width>30</width>
							<height>30</height>
							<texture>buttons/button_videoextras.png</texture>
							<colordiffuse>yellow</colordiffuse>
							<visible>!String.IsEmpty(ListItem.Rating)</visible>
						</control>
					</control>
				</itemlayout>
				<focusedlayout width="205" height="235">
					<!-- Focused Black Background -->
					<control type="image">
						<include>Animation_GalleryFloat</include>
						<posx>0</posx>
						<posy>0</posy>
						<width>160</width>
						<height>200</height>
						<aspectratio>stretch</aspectratio>
						<AAAtexture>frames/dialog_glass2panel.png</AAAtexture>
						<texture>pvr/pvr-focus.png</texture>
						<colordiffuse>white</colordiffuse>
						<visible>!String.IsEmpty(ListItem.Title)</visible>
						<animation type="Focus" reversible="false">
							<effect type="zoom" center="80,90" start="70" end="140" time="400" tween="back" easing="out" />
							<effect type="fade" start="90" end="130" time="400" />
						</animation>
					</control>
					<!-- Focused Images Background -->
					<control type="image">
						<include>Animation_GalleryFloat</include>
						<posx>0</posx>
						<posy>0</posy>
						<width>160</width>
						<height>192</height>
						<texture background="true">$INFO[ListItem.Icon]</texture>
						<aspectratio scalediffuse="false">stretch</aspectratio>
						<animation type="Focus" reversible="false">
							<effect type="zoom" center="80,90" start="70" end="140" time="400" tween="back" easing="out" />
							<effect type="fade" start="90" end="130" time="400" />
						</animation>
						<visible>String.IsEmpty(ListItem.Title)</visible>
					</control>
					<AAAcontrol type="image">
						<include>Animation_GalleryFloat</include>
						<posx>0</posx>
						<posy>0</posy>
						<width>160</width>
						<height>200</height>
						<texture background="true" fallback="DefaultThumb.png">$VAR[PosterThumb]</texture>
						<aspectratio scalediffuse="false">stretch</aspectratio>
						<animation type="Focus" reversible="false">
							<effect type="zoom" center="80,90" start="70" end="140" time="400" tween="back" easing="out" />
							<effect type="fade" start="90" end="130" time="400" />
						</animation>
						<visible>!String.IsEmpty(ListItem.Title)</visible>
					</AAAcontrol>
					<AAAcontrol type="image">
						<include>Animation_GalleryFloat</include>
						<posx>0</posx>
						<posy>0</posy>
						<width>160</width>
						<height>210</height>
						<texture>frames/ClassicFrameGlass_Vertical.png</texture>
						<aspectratio scalediffuse="false">stretch</aspectratio>
						<colordiffuse>GlassDiffuse</colordiffuse>
						<visible>!String.IsEmpty(ListItem.Title)</visible>
						<animation type="Focus" reversible="false">
							<effect type="zoom" center="80,90" start="70" end="140" time="400" tween="back" easing="out" />
							<effect type="fade" start="90" end="130" time="400" />
						</animation>
					</AAAcontrol>
					<!-- Focused White Border -->
					<control type="image">
						<include>Animation_GalleryFloat</include>
						<posx>-10</posx>
						<posy>-10</posy>
						<width>183</width>
						<height>220</height>
						<texture>frames/ClassicFrame_PosterSmall.png</texture>
						<AAAvisible>!String.IsEmpty(ListItem.Title)</AAAvisible>
						<animation type="Focus" reversible="false">
							<effect type="zoom" center="80,90" start="70" end="140" time="400" tween="back" easing="out" />
							<effect type="fade" start="90" end="130" time="400" />
						</animation>
					</control>
					<!-- Focused Text Blocks -->
					<control type="textbox">
						<include>Animation_GalleryFloat</include>
						<posx>10</posx>
						<posy>-3</posy>
						<width>140</width>
						<height>200</height>
						<align>center</align>
						<aligny>center</aligny>
						<font>METF_WeatherDayName7Day</font>
						<textcolor>White</textcolor>
						<label>$INFO[ListItem.Title]</label>
						<AAAlabel>112233445 556677</AAAlabel>
						<wrapmultiline>true</wrapmultiline>
						<visible>!String.IsEmpty(ListItem.Title)</visible>
						<animation type="Focus" reversible="false">
							<effect type="zoom" center="80,90" start="70" end="140" time="400" tween="back" easing="out" />
							<effect type="fade" start="90" end="130" time="400" />
						</animation>
					</control>
					<!-- Focused Folders Flag -->
					<control type="image">
						<include>Animation_GalleryFloat</include>
						<posx>116</posx>
						<posy>155</posy>
						<width>41</width>
						<height>41</height>
						<colordiffuse>lightblue</colordiffuse>
						<texture>buttons/button_layers.png</texture>
						<visible>ListItem.IsFolder + !String.IsEmpty(ListItem.Thumb)</visible>
						<animation type="Focus" reversible="false">
							<effect type="zoom" center="80,90" start="70" end="140" time="400" tween="back" easing="out" />
							<effect type="fade" start="90" end="130" time="400" />
						</animation>
					</control>
					<!-- Focused Watched Overlay for Finished Items -->
					<control type="image">
						<include>Animation_GalleryFloat</include>
						<posx>115</posx>
						<posy>158</posy>
						<width>41</width>
						<height>41</height>
						<colordiffuse>yellow</colordiffuse>
						<texture>$INFO[ListItem.Overlay]</texture>
						<colordiffuse>WatchedOverlay</colordiffuse>
						<animation type="Focus" reversible="false">
							<effect type="zoom" center="80,90" start="70" end="140" time="400" tween="back" easing="out" />
							<effect type="fade" start="90" end="130" time="400" />
						</animation>
						<visible>!ListItem.IsResumable + [[[Container.Content(movies) | Container.Content(sets)] + !Skin.HasSetting(HideMovieWatchedOverlays)] | [![Container.Content(movies) | Container.Content(sets)] + !Skin.HasSetting(HideTVWatchedOverlays)]]</visible>
					</control>
					<!-- Focused Watched Overlay for In-Progress Items -->
					<control type="image">
						<include>Animation_GalleryFloat</include>
						<posx>104</posx>
						<posy>144</posy>
						<width>64</width>
						<height>64</height>
						<colordiffuse>yellow</colordiffuse>
						<texture>flags/Progress/$INFO[ListItem.PercentPlayed].png</texture>
						<visible>ListItem.IsResumable + [[[Container.Content(movies) | Container.Content(sets)] + !Skin.HasSetting(HideMovieWatchedOverlays)] | [![Container.Content(movies) | Container.Content(sets)] + !Skin.HasSetting(HideTVWatchedOverlays)]]</visible>
						<animation type="Focus" reversible="false">
							<effect type="zoom" center="80,90" start="70" end="140" time="400" tween="back" easing="out" />
							<effect type="fade" start="90" end="130" time="400" />
						</animation>
					</control>
					<!-- Focused Duration -->
					<control type="label">
						<include>Animation_GalleryFloat</include>
						<posx>12</posx>
						<posy>156</posy>
						<width>108</width>
						<height>40</height>
						<scroll>true</scroll>
						<scrollspeed>1</scrollspeed>
						<font>METF_Temp</font>
						<label>$INFO[ListItem.Duration]</label>
						<textcolor>yellow</textcolor>
						<AAAvisible>Window.IsActive(videos) + ![Container.Content(tvshows) | Container.Content(seasons) | Container.Content(episodes) | Container.Content(movies)] + !String.IsEmpty(ListItem.Duration)</AAAvisible>
						<visible>!String.IsEmpty(ListItem.Duration)</visible>
						<animation type="Focus" reversible="false">
							<effect type="zoom" center="80,90" start="70" end="140" time="400" tween="back" easing="out" />
							<effect type="fade" start="90" end="130" time="400" />
						</animation>
					</control>
					<!-- Focused Stars Rating -->
					<control type="group">
						<!-- XXX: temporarily commented out for videos until I figure out exactly how I'd like to implement this
						<visible>!Window.IsActive(videos) | [Window.IsActive(videos) + [Container.Content(movies) | Container.Content(tvshows) | Container.Content(episodes)]]</visible>
						<include>VisibleIfNotMovieSet</include>
						-->
						<AAAvisible>!Window.IsActive(videos) + !String.Contains(Container.FolderPath,plugin)</AAAvisible>
						<control type="label">
							<include>Animation_GalleryFloat</include>
							<posx>7</posx>
							<posy>-7</posy>
							<width>50</width>
							<height>52</height>
							<align>right</align>
							<aligny>center</aligny>
							<label>$INFO[ListItem.Rating]</label>
							<font>METF_InfoText</font>
							<textcolor>yellow</textcolor>
							<visible>!String.IsEmpty(ListItem.Rating)</visible>
							<animation type="Focus" reversible="false">
								<effect type="zoom" center="80,90" start="70" end="140" time="400" tween="back" easing="out" />
								<effect type="fade" start="90" end="130" time="400" />
							</animation>
						</control>
						<control type="image">
							<include>Animation_GalleryFloat</include>
							<posx>55</posx>
							<posy>4</posy>
							<width>30</width>
							<height>30</height>
							<texture>buttons/button_videoextras.png</texture>
							<colordiffuse>yellow</colordiffuse>
							<visible>!String.IsEmpty(ListItem.Rating)</visible>
							<animation type="Focus" reversible="false">
								<effect type="zoom" center="80,90" start="70" end="140" time="400" tween="back" easing="out" />
								<effect type="fade" start="90" end="130" time="400" />
							</animation>
						</control>
					</control>
				</focusedlayout>
			</control>
			<!-- Title -->
			<control type="label">
				<posx>20</posx>
				<posy>540</posy>
				<width>1000</width>
				<height>40</height>
				<align>center</align>
				<font>METF_StarRating</font>
				<textcolor>white</textcolor>
				<label>$VAR[ListItemTitle]</label>
				<include>Animation_OpenCloseFade</include>
				<include>Animation_FadedByMenu</include>
				<include>Animation_HiddenByInfo</include>
				<visible>Window.IsActive(videos) + [Container.Content(movies) | Container.Content(sets) | Container.Content(tvshows) | Container.Content(seasons)]</visible>
			</control>
			<!-- Details -->
			<control type="grouplist">
				<posx>40</posx>
				<posy>505</posy>
				<width>1200</width>
				<height>30</height>
				<align>center</align>
				<itemgap>10</itemgap>
				<orientation>horizontal</orientation>
				<include>Animation_OpenCloseFade</include>
				<include>Animation_FadedByMenu</include>
				<include>Animation_HiddenByInfo</include>
				<include>ViewDetailsGenreYearDurEpsUnwatched</include>
				<visible>Window.IsActive(videos) + [Container.Content(movies) | Container.Content(tvshows) | Container.Content(seasons)]</visible>
				<include>VisibleIfNotMovieSet</include>
			</control>
			<!-- Movie set -->
			<control type="label">
				<posx>240</posx>
				<posy>503</posy>
				<width>800</width>
				<height>30</height>
				<align>center</align>
				<aligny>center</aligny>
				<font>METF_MediaDetailsSmall</font>
				<textcolor>MediaDetailsGenre</textcolor>
				<label>$LOCALIZE[31313]</label>
				<include>Animation_OpenCloseFade</include>
				<include>Animation_FadedByMenu</include>
				<include>Animation_HiddenByInfo</include>
				<include>VisibleIfMovieSet</include>
			</control>
			<!-- Arrows -->
			<control type="group">
				<include>Animation_OpenCloseFade</include>
				<include>Animation_FadedByMenu</include>
				<include>Animation_HiddenByInfo</include>
				<visible>Window.IsActive(videos) + [Container.Content(movies) | Container.Content(sets) | Container.Content(tvshows) | Container.Content(seasons)]</visible>
				<control type="image">
					<posx>10</posx>
					<posy>508</posy>
					<width>24</width>
					<height>24</height>
					<texture>Arrow2Up.png</texture>
					<colordiffuse>ArrowDiffuse</colordiffuse>
					<visible>Container.HasPrevious</visible>
				</control>
				<control type="image">
					<posx>1246</posx>
					<posy>508</posy>
					<width>24</width>
					<height>24</height>
					<texture>Arrow2Down.png</texture>
					<colordiffuse>ArrowDiffuse</colordiffuse>
					<visible>Container.HasNext</visible>
				</control>
			</control>
			<include>ScrollBar_Vertical</include>
		</control>
	</include>
</includes>
