<?xml version="1.0" encoding="UTF-8"?>
<includes>
	<include name="Viewtype_Logo">
		<control type="group">
			<visible>Control.IsVisible(56)</visible>
			<!-- Browser -->
			<control type="fixedlist" id="56">
				<posx>-105</posx>
				<posy>210</posy>
				<height>500</height>
				<width>1400</width>
				<include condition="!Skin.HasSetting(ViewLockdown)">OnUp7000</include>
				<ondown>60</ondown>
				<onleft>56</onleft>
				<onright>56</onright>
				<viewtype label="31054">icon</viewtype>
				<orientation>horizontal</orientation>
				<focusposition>2</focusposition>
				<scrolltime>200</scrolltime>
				<preloaditems>2</preloaditems>
				<pagecontrol>60</pagecontrol>
				<include>Animation_FadedByMenu</include>
				<include>Animation_OpenCloseFade</include>
				<include>Animation_HiddenByInfo</include>
				<visible>!Skin.HasSetting(NoViewLogo)</visible>
				<visible>Window.IsActive(videos) + [Container.Content(movies) | Container.Content(tvshows)]</visible>
				<itemlayout width="294" height="194">
					<control type="image">
						<include>Animation_HiddenByInfo</include>
						<posx>9</posx>
						<posy>98</posy>
						<width>272</width>
						<height>153</height>
						<texture background="true">$VAR[ListClearartClearlogo]</texture>
						<fadetime>200</fadetime>
						<colordiffuse>LandscapeDiffuse</colordiffuse>
						<aspectratio aligny="center">keep</aspectratio>
						<visible>!Skin.HasSetting(LogoViewSingleItem)</visible>
					</control>
					<control type="image">
						<posx>245</posx>
						<posy>162</posy>
						<width>24</width>
						<height>24</height>
						<texture>$INFO[ListItem.Overlay]</texture>
						<colordiffuse>WatchedOverlay</colordiffuse>
						<visible>!ListItem.IsResumable + [[[Container.Content(movies) | Container.Content(sets)] + !Skin.HasSetting(HideMovieWatchedOverlays)] | [![Container.Content(movies) | Container.Content(sets)] + !Skin.HasSetting(HideTVWatchedOverlays)]]</visible>
						<visible>!Skin.HasSetting(LogoViewSingleItem)</visible>
					</control>
					<!-- Watched Overlay for In-Progress Items -->
					<control type="image">
						<posx>241</posx>
						<posy>157</posy>
						<width>35</width>
						<height>35</height>
						<texture>flags/Progress/$INFO[ListItem.PercentPlayed].png</texture>
						<colordiffuse>WatchedOverlay</colordiffuse>
						<visible>ListItem.IsResumable + [[[Container.Content(movies) | Container.Content(sets)] + !Skin.HasSetting(HideMovieWatchedOverlays)] | [![Container.Content(movies) | Container.Content(sets)] + !Skin.HasSetting(HideTVWatchedOverlays)]]</visible>
						<visible>!Skin.HasSetting(LogoViewSingleItem)</visible>
					</control>
				</itemlayout>
				<focusedlayout width="318" height="178">
					<control type="image">
						<posx>12</posx>
						<posy>88</posy>
						<width>290</width>
						<height>164</height>
						<texture background="true">$VAR[ListClearartClearlogo]</texture>
						<fadetime>200</fadetime>
						<aspectratio aligny="center">keep</aspectratio>
						<animation effect="zoom" center="auto" start="50" end="100" time="400" tween="back" easing="out" condition="!Skin.HasSetting(LogoViewSingleItem)">Focus</animation>
					</control>
					<control type="image">
						<posx>305</posx>
						<posy>169</posy>
						<width>24</width>
						<height>24</height>
						<texture>$INFO[ListItem.Overlay]</texture>
						<colordiffuse>WatchedOverlay</colordiffuse>
						<animation effect="zoom" center="152,92" start="70" end="100" time="300" tween="back" easing="out" condition="!Skin.HasSetting(LogoViewSingleItem)">Focus</animation>
						<animation type="Focus" reversible="false">
							<effect type="fade" start="50" end="100" time="300" />
						</animation>
						<visible>!ListItem.IsResumable + [[[Container.Content(movies) | Container.Content(sets)] + !Skin.HasSetting(HideMovieWatchedOverlays)] | [![Container.Content(movies) | Container.Content(sets)] + !Skin.HasSetting(HideTVWatchedOverlays)]]</visible>
					</control>
					<!-- Watched Overlay for In-Progress Items -->
					<control type="image">
						<posx>301</posx>
						<posy>164</posy>
						<width>35</width>
						<height>35</height>
						<texture>flags/Progress/$INFO[ListItem.PercentPlayed].png</texture>
						<colordiffuse>WatchedOverlay</colordiffuse>
						<animation effect="zoom" center="152,92" start="70" end="100" time="300" tween="back" easing="out" condition="!Skin.HasSetting(LogoViewSingleItem)">Focus</animation>
						<animation type="Focus" reversible="false">
							<effect type="fade" start="50" end="100" time="300" />
						</animation>
						<visible>ListItem.IsResumable + [[[Container.Content(movies) | Container.Content(sets)] + !Skin.HasSetting(HideMovieWatchedOverlays)] | [![Container.Content(movies) | Container.Content(sets)] + !Skin.HasSetting(HideTVWatchedOverlays)]]</visible>
					</control>
				</focusedlayout>
			</control>
			<!-- Title -->
			<control type="label">
				<posx>40</posx>
				<posy>472</posy>
				<width>1200</width>
				<height>40</height>
				<align>center</align>
				<font>METF_TitleTextLarge</font>
				<textcolor>TitleText</textcolor>
				<label>$VAR[ListItemTitle]</label>
				<include>Animation_OpenCloseFade</include>
				<include>Animation_FadedByMenu</include>
				<include>Animation_HiddenByInfo</include>
				<visible>Window.IsActive(videos) + [Container.Content(movies) | Container.Content(sets) | Container.Content(tvshows) | Container.Content(episodes)]</visible>
			</control>
			<!-- Details -->
			<control type="grouplist">
				<posx>40</posx>
				<posy>505</posy>
				<width>1200</width>
				<height>30</height>
				<align>center</align>
				<itemgap>10</itemgap>
				<orientation>horizontal</orientation>
				<include>Animation_OpenCloseFade</include>
				<include>Animation_FadedByMenu</include>
				<include>Animation_HiddenByInfo</include>
				<include>ViewDetailsGenreYearDurEpsUnwatched</include>
				<visible>Window.IsActive(videos) + [Container.Content(movies) | Container.Content(tvshows)]</visible>
				<include>VisibleIfNotMovieSet</include>
			</control>
			<control type="label">
				<posx>240</posx>
				<posy>503</posy>
				<width>800</width>
				<height>30</height>
				<align>center</align>
				<aligny>center</aligny>
				<font>METF_MediaDetailsSmall</font>
				<textcolor>MediaDetailsGenre</textcolor>
				<label>$LOCALIZE[31313]</label>
				<include>Animation_FadedByMenu</include>
				<include>Animation_HiddenByInfo</include>
				<include>Animation_OpenCloseFade</include>
				<include>VisibleIfMovieSet</include>
			</control>
			<include>ScrollBar_Horizontal</include>
		</control>
	</include>
</includes>
